"cnpj","nome_coop","numeroAgencias"
1439107,"BARRACRED - COOPERATIVA DE ECONOMIA E CRÉDITO MÚTUO",0
5036532,"CENTRAL DAS COOPERATIVAS DE CREDITO UNICOOB - SICOOB CENTRAL UNICOOB",0
62931522,"CENTRAL DAS COOPERATIVAS DE CRÉDITO DO ESTADO DE SÃO PAULO - SICOOB CENTRAL CECRESP",0
70116611,"CENTRAL DAS COOPERATIVAS DE CRÉDITO DO NORDESTE - SICOOB CENTRAL NE",0
106180,"CENTRAL DAS COOPERATIVAS DE CRÉDITO DOS ESTADOS DE MATO GROSSO, MATO GROSSO DO SUL E DO MUNICÍPIO DE CACOAL/RO - SICOOB CENTRAL RONDON",2
309024,"CENTRAL DAS COOPERATIVAS DE ECONOMIA E CREDITO DO ESTADO DE MINAS GERAIS LTDA. - SICOOB CENTRAL CECREMGE",0
4243780,"CENTRAL SICOOB UNI DE COOPERATIVAS DE CRÉDITO",0
3795072,"CONFEDERACAO DAS COOPERATIVAS DO SICREDI - CONFEDERACAO SICREDI",0
4891850,"CONFEDERACAO NACIONAL DAS COOPERATIVAS DO SICOOB LTDA",0
10398952,"CONFEDERAÇÃO NACIONAL DAS COOPERATIVAS CENTRAIS DE CRÉDITO E ECONOMIA FAMILIAR E SOLIDÁRIA - CRESOL CONFEDERAÇÃO",0
88325113,"COOPERATIVA    DE    ECONOMIA    E    CRÉDITO   MÚTUO  MINUANO",5
1864151,"COOPERATIVA  ECONOMIA CRÉDITO MÚTUO  SERVS E EMPREGADOS PÚBLICOS MUNIC DE BELO HORIZONTE BETIM BRUMADINHO CONTAGEM IBIRITÉ NOVA LIMA RIBEIRÃO DAS NEVES SABARÁ SANTA LUZIA E VESPASIANO SICOOB CREDISERV",0
32428294,"COOPERATIVA CENTRAL DE CREDITO DO ESPIRITO SANTO - SICOOB CENTRAL ES",0
5463212,"COOPERATIVA CENTRAL DE CRÉDITO - AILOS",0
1401771,"COOPERATIVA CENTRAL DE CRÉDITO COM INTERAÇÃO SOLIDÁRIA - CENTRAL CRESOL BASER",0
34148882,"COOPERATIVA CENTRAL DE CRÉDITO DA BAHIA LTDA - SICOOB CENTRAL BA",0
33416108,"COOPERATIVA CENTRAL DE CRÉDITO DE GOIÁS, DISTRITO FEDERAL E TOCANTINS LTDA. - SICOOB NOVA CENTRAL",1
25683434,"COOPERATIVA CENTRAL DE CRÉDITO DE MINAS GERAIS LTDA. - SICOOB CENTRAL CREDIMINAS",0
80160260,"COOPERATIVA CENTRAL DE CRÉDITO DE SANTA CATARINA E RIO GRANDE DO SUL - SICOOB CENTRAL SC/RS",0
63917579,"COOPERATIVA CENTRAL DE CRÉDITO DO ESTADO DE SÃO PAULO - SICOOB SÃO PAULO",0
3502131,"COOPERATIVA CENTRAL DE CRÉDITO DO NORTE DO BRASIL - SICOOB NORTE",0
7202627,"COOPERATIVA CENTRAL DE CRÉDITO E ECONOMIA COM INTERAÇÃO SOLIDÁRIA - CRESOL CENTRAL BRASIL",0
21198087,"COOPERATIVA CENTRAL DE CRÉDITO E INVESTIMENTO COM INTERAÇÃO SOLIDÁRIA - CENTRAL CRESOL SICOPER",0
315557,"COOPERATIVA CENTRAL DE CRÉDITO UNICRED DO BRASIL - UNICRED DO BRASIL",2
33737818,"COOPERATIVA CENTRAL DE CRÉDITO, POUPANÇA E INVESTIMENTO DE MATO GROSSO DO SUL, GOIÁS, DISTRITO FEDERAL E TOCANTINS - CENTRAL SICREDI BRASIL CENTRAL",0
33667205,"COOPERATIVA CENTRAL DE CRÉDITO, POUPANÇA E INVESTIMENTO DO CENTRO NORTE DO BRASIL - CENTRAL SICREDI CENTRO NORTE",0
70119680,"COOPERATIVA CENTRAL DE CRÉDITO, POUPANÇA E INVESTIMENTO DO NORDESTE - CENTRAL SICREDI NORDESTE",0
87437687,"COOPERATIVA CENTRAL DE CRÉDITO, POUPANÇA E INVESTIMENTO DO SUL E SUDESTE - CENTRAL SICREDI SUL/SUDESTE",0
80230774,"COOPERATIVA CENTRAL DE CRÉDITO, POUPANÇA E INVESTIMENTO DOS ESTADOS DO PARANÁ, SÃO PAULO E RIO DE JANEIRO - CENTRAL SICREDI PR/SP/RJ",0
14568725,"COOPERATIVA CENTRAL DE ECONOMIA E CRÉDITO SICOOB UNIMAIS RIO LTDA.",2
51010858,"COOPERATIVA DE CAPITAL E EMPRÉSTIMO COOPERMULTICRED - COOPERMC",0
4120633,"COOPERATIVA DE CREDITO CLASSICA DO ESTADO DO RIO DE JANEIRO - SICOOB EMPRESAS RJ",7
49389307,"COOPERATIVA DE CREDITO COOPLIVRE",21
429890,"COOPERATIVA DE CREDITO CREDIAGRO LTDA. - SICOOB CREDIAGRO",7
966246,"COOPERATIVA DE CREDITO CREDICERIPA - SICOOB CREDICERIPA",33
54037916,"COOPERATIVA DE CREDITO CREDICITRUS",129
66788142,"COOPERATIVA DE CREDITO CREDIMOTA   SICOOB CREDIMOTA",16
3358914,"COOPERATIVA DE CREDITO CREDIROCHAS - SICOOB CREDIROCHAS",28
22656789,"COOPERATIVA DE CREDITO CREDISUDESTE LTDA. - SICOOB CREDISUDESTE",56
5463934,"COOPERATIVA DE CREDITO CREDLIDER - SICOOB CREDLIDER",3
1009908,"COOPERATIVA DE CREDITO DE LIVRE ADMISSAO DE PARA DE MINAS LTDA - SICOOB ASCICRED",4
4181542,"COOPERATIVA DE CREDITO DE LIVRE ADMISSAO DE PITANGUI E REGIAO LTDA. - SICOOB CREDPIT",7
73422792,"COOPERATIVA DE CREDITO DE LIVRE ADMISSAO DE RUBIATABA E REGIAO LTDA",12
2173447,"COOPERATIVA DE CREDITO DE LIVRE ADMISSAO DO CENTRO NORDESTE MINEIRO LTDA - SICOOB CREDICENM",25
19869338,"COOPERATIVA DE CREDITO DE LIVRE ADMISSAO DO VALE DO AÇO LTDA - SICOOB VALE DO AÇO",23
42887133,"COOPERATIVA DE CREDITO DE LIVRE ADMISSÃO DA REGIÃO SUDESTE DE MINAS GERAIS LTDA. - SICOOB CREDISUCESSO",14
81014060,"COOPERATIVA DE CREDITO DE LIVRE ADMISSÃO DE ASSOCIADOS ITAIPU SICOOB CREDITAIPU",23
1604998,"COOPERATIVA DE CREDITO DE LIVRE ADMISSÃO DO SUL DE MINAS LTDA - SICOOB CREDIVASS",80
25404542,"COOPERATIVA DE CREDITO DE LIVRE ADMISSÃO DO VALE DO GORUTUBA LTDA - SICOOB CREDIVAG",9
968602,"COOPERATIVA DE CREDITO DE LIVRE ADMISSÃO DO VALE DO SÃO PATRICIO LTDA.",4
25387671,"COOPERATIVA DE CREDITO DO ALTO PARANAIBA E REGIÃO LTDA. - SICOOB CREDIPATOS",32
14913919,"COOPERATIVA DE CREDITO DO MERCADO IMOBILIÁRIO - SICOOB IMOB.VC",4
3033469,"COOPERATIVA DE CREDITO DO PLANALTO SUL - SICOOB CREDISSERRANA",8
53776852,"COOPERATIVA DE CREDITO DOS FORNECEDORES DE CANA E DEMAIS PRODUTORES RURAIS DO CENTRO DO ESTADO DE SAO PAULO - CREDICENTRO",1
5410056,"COOPERATIVA DE CREDITO E ECONOMIA COM INTERAÇÃO SOLIDARIA - CRESOL LITORAL",6
9463721,"COOPERATIVA DE CREDITO E ECONOMIA COM INTERAÇÃO SOLIDÁRIA - CRESOL JACINTO MACHADO",3
7958405,"COOPERATIVA DE CREDITO E ECONOMIA COM INTERAÇÃO SOLIDÁRIA - CRESOL SERRA MAR",5
9330158,"COOPERATIVA DE CREDITO E ECONOMIA COM INTERAÇÃO SOLIDÁRIA - CRESOL TREZE DE MAIO",3
971300,"COOPERATIVA DE CREDITO E INVESTIMENTO COM INTERACAO SOLIDARIA PIONEIRA - CRESOL PIONEIRA",45
59869560,"COOPERATIVA DE CREDITO NOSSO - SICOOB NOSSO",19
2382755,"COOPERATIVA DE CREDITO POTIGUAR - SICOOB POTIGUAR",5
32422628,"COOPERATIVA DE CREDITO RURAL DE GUACUI - CREDIGUAÇUÍ",0
8240446,"COOPERATIVA DE CREDITO RURAL DE IBIAM - SULCREDI/IBIAM",4
204963,"COOPERATIVA DE CREDITO RURAL SEARA - CREDISEARA",4
32615247,"COOPERATIVA DE CREDITO SICOOB COOPEC LTDA.",1
8253539,"COOPERATIVA DE CREDITO SULCREDI AMPLEA",6
82639451,"COOPERATIVA DE CREDITO VALE DO ITAJAI - VIACREDI",115
72128440,"COOPERATIVA DE CREDITO, POUPANCA E INVESTIMENTO DO RIO DE JANEIRO - SICREDI RIO RJ",11
79052122,"COOPERATIVA DE CREDITO, POUPANÇA E INVESTIMENTO ALIANÇA - SICREDI ALIANÇA PR/SP",34
82065285,"COOPERATIVA DE CREDITO, POUPANÇA E INVESTIMENTO PARQUE DAS ARAUCARIAS - SICREDI PARQUE DAS ARAUCARIAS PR/SC/SP",47
3612764,"COOPERATIVA DE CRÉDITO  DE FRONTEIRAS  LTDA. - SICOOB FRONTEIRAS",23
9590601,"COOPERATIVA DE CRÉDITO - CREDICOMIN",12
5545390,"COOPERATIVA DE CRÉDITO - SICREDI COOMAMP",2
41180092,"COOPERATIVA DE CRÉDITO - SICREDI EXPANSÃO",29
42873828,"COOPERATIVA DE CRÉDITO AGROCREDI LTDA. - SICOOB AGROCREDI",105
87795639,"COOPERATIVA DE CRÉDITO ALIANÇA RS/SC/ES - SICREDI ALIANÇA RS/SC/ES",58
80959612,"COOPERATIVA DE CRÉDITO ALTO VALE DO ITAJAÍ - SICOOB ALTO VALE",28
3320525,"COOPERATIVA DE CRÉDITO ARACOOP LTDA. - SICOOB ARACOOP",32
68987,"COOPERATIVA DE CRÉDITO ARACREDI LTDA. - SICOOB ARACREDI",21
41753500,"COOPERATIVA DE CRÉDITO CARLOS CHAGAS LTDA. - SICOOB CARLOS CHAGAS",21
9403026,"COOPERATIVA DE CRÉDITO CENTRO LESTE NORTE MARANHENSE - SICOOB CENTROLESTE",24
33924028,"COOPERATIVA DE CRÉDITO CLÁSSICA DOS EMPREGADOS DA VALE S/A E ENTIDADES VINCULADAS LTDA. - SICOOB COOPVALE",6
54401286,"COOPERATIVA DE CRÉDITO COCRE",27
44401800,"COOPERATIVA DE CRÉDITO COGEM",9
32430233,"COOPERATIVA DE CRÉDITO CONEXÃO - SICOOB CONEXÃO",46
53935029,"COOPERATIVA DE CRÉDITO COOCRELIVRE",13
65229254,"COOPERATIVA DE CRÉDITO COOPACREDI LTDA. - SICOOB COOPACREDI",38
53623781,"COOPERATIVA DE CRÉDITO COOPCRED",7
87779625,"COOPERATIVA DE CRÉDITO COOPERAÇÃO - SICREDI COOPERAÇÃO",24
31804966,"COOPERATIVA DE CRÉDITO COOPERMAIS - SICOOB COOPERMAIS",26
2814832,"COOPERATIVA DE CRÉDITO COOPHARMA",0
18966739,"COOPERATIVA DE CRÉDITO COPERSUL LTDA - SICOOB COPERSUL",10
19449602,"COOPERATIVA DE CRÉDITO CREDCOOPER LTDA - SICOOB CREDCOOPER",28
25353939,"COOPERATIVA DE CRÉDITO CREDIALP LTDA - SICOOB CREDIALP",15
66398496,"COOPERATIVA DE CRÉDITO CREDIARA LTDA - SICOOB CREDIARA",31
66259110,"COOPERATIVA DE CRÉDITO CREDIBAM LTDA. - SICOOB CREDIBAM",10
71237184,"COOPERATIVA DE CRÉDITO CREDIBELO LTDA. - SICOOB CREDIBELO",14
21670187,"COOPERATIVA DE CRÉDITO CREDIBOM LTDA. - SICOOB CREDIBOM",20
25395435,"COOPERATIVA DE CRÉDITO CREDICAF LTDA - SICOOB CREDICAF",45
1609345,"COOPERATIVA DE CRÉDITO CREDICAMPINA LTDA. - SICOOB CREDICAMPINA",4
21661202,"COOPERATIVA DE CRÉDITO CREDICAMPO LTDA.- SICOOB CREDICAMPO",28
804046,"COOPERATIVA DE CRÉDITO CREDICAPI LTDA - SICOOB CREDICAPI",1
23949522,"COOPERATIVA DE CRÉDITO CREDICARPA LTDA. - SICOOB CREDICARPA",8
67096909,"COOPERATIVA DE CRÉDITO CREDICOCAPEC",10
38588174,"COOPERATIVA DE CRÉDITO CREDICOPE LTDA. - SICOOB CREDICOPE",36
68512748,"COOPERATIVA DE CRÉDITO CREDIESMERALDAS LTDA. - SICOOB CREDIESMERALDAS",23
7469260,"COOPERATIVA DE CRÉDITO CREDIFIEMG LTDA. - SICOOB CREDIFIEMG",1
41931445,"COOPERATIVA DE CRÉDITO CREDIFOR LTDA - SICOOB CREDIFOR",20
67960229,"COOPERATIVA DE CRÉDITO CREDIGUAÇU - SICOOB CREDIGUAÇU",36
71243034,"COOPERATIVA DE CRÉDITO CREDIJEQUITINHONHA LTDA. - SICOOB CREDIJEQUITINHONHA",38
41697103,"COOPERATIVA DE CRÉDITO CREDILIVRE LTDA. - SICOOB CREDILIVRE",59
64480833,"COOPERATIVA DE CRÉDITO CREDIMAC LTDA - SICOOB CREDIMAC",6
1152097,"COOPERATIVA DE CRÉDITO CREDIMATA LTDA. - SICOOB CREDIMATA",35
25420696,"COOPERATIVA DE CRÉDITO CREDINACIONAL LTDA. - SICOOB CREDINACIONAL",23
21866694,"COOPERATIVA DE CRÉDITO CREDINOR LTDA - SICOOB CREDINOR",61
64276058,"COOPERATIVA DE CRÉDITO CREDINORTE LTDA. - SICOOB CREDINORTE",10
6324872,"COOPERATIVA DE CRÉDITO CREDINOSSO LTDA - SICOOB CREDINOSSO",7
24048910,"COOPERATIVA DE CRÉDITO CREDINTER LTDA. - SICOOB CREDINTER",37
66262643,"COOPERATIVA DE CRÉDITO CREDIPEU LTDA.  - SICOOB CREDIPEU",8
42934794,"COOPERATIVA DE CRÉDITO CREDIPIMENTA LTDA. - SICOOB CREDIPIMENTA",0
3412878,"COOPERATIVA DE CRÉDITO CREDIRAMA LTDA - SICOOB CREDIRAMA",15
22753982,"COOPERATIVA DE CRÉDITO CREDISETE LTDA. - SICOOB CREDISETE",22
3645752,"COOPERATIVA DE CRÉDITO CREDISG LTDA. - SICOOB CREDISG",12
64237530,"COOPERATIVA DE CRÉDITO CREDIUNA LTDA - SICOOB CREDIUNA",27
25387655,"COOPERATIVA DE CRÉDITO CREDIVALE LTDA - SICOOB CREDIVALE",36
25798596,"COOPERATIVA DE CRÉDITO CREDIVAR LTDA. - SICOOB CREDIVAR",56
803287,"COOPERATIVA DE CRÉDITO CREDIVAZ LTDA. - SICOOB CREDIVAZ",13
25528753,"COOPERATIVA DE CRÉDITO CREDIVERDE LTDA. - SICOOB CREDIVERDE",27
22724710,"COOPERATIVA DE CRÉDITO CREDIVERTENTES LTDA. - SICOOB CREDIVERTENTES",49
25536764,"COOPERATIVA DE CRÉDITO CREDPLUS LTDA. - SICOOB CREDPLUS",27
2197569,"COOPERATIVA DE CRÉDITO CREDSAOPAULO - SICOOB CREDSAOPAULO",15
5203605,"COOPERATIVA DE CRÉDITO DA AMAZÔNIA - SICOOB AMAZÔNIA",28
9512539,"COOPERATIVA DE CRÉDITO DA FOZ DO RIO ITAJAÍ AÇU - CREDIFOZ",25
2405189,"COOPERATIVA DE CRÉDITO DA GRANDE FLORIANÓPOLIS - ÚNILOS",8
22749014,"COOPERATIVA DE CRÉDITO DA REGIÃO CENTRAL DE MINAS LTDA. - SICOOB UNIÃO CENTRAL",16
10218474,"COOPERATIVA DE CRÉDITO DA REGIÃO DO CONTESTADO - CIVIA",20
86585049,"COOPERATIVA DE CRÉDITO DA REGIÃO DO VALE DO RIO GRANDE LTDA. - SICOOB CREDILEITE",4
17361536,"COOPERATIVA DE CRÉDITO DA REGIÃO E COLAR METROPOLITANO DO VALE DO AÇO LTDA. - SICOOB COSMIPA",21
5392810,"COOPERATIVA DE CRÉDITO DA REGIÃO MERIDIONAL DO BRASIL - SICOOB UNICOOB MERIDIONAL",31
57987273,"COOPERATIVA DE CRÉDITO DE CAPITAL E EMPRÉSTIMO DOS EMPREGADOS CELETISTAS DE COOPERATIVAS DOS ESTADOS DE SÃO PAULO E MINAS GERAIS - COCREUNI",0
28435685,"COOPERATIVA DE CRÉDITO DE CAPITAL E EMPRÉSTIMO DOS TRABALHADORES NAS EMPRESAS DE TECNOLOGIA E INFORMÁTICA DE BELO HORIZONTE E CIDADES LIMÍTROFES LTDA - COOPERINFOR",0
4247370,"COOPERATIVA DE CRÉDITO DE EMPRESÁRIOS - SICOOB/TRANSCREDI",5
8844074,"COOPERATIVA DE CRÉDITO DE ITAPETININGA - SICOOB CRED-ACI",0
19875244,"COOPERATIVA DE CRÉDITO DE LIVRE ADMISSÃO - SICOOB COPESITA",3
5247312,"COOPERATIVA DE CRÉDITO DE LIVRE ADMISSÃO BURITIS - SICOOB BURITIS",21
37395399,"COOPERATIVA DE CRÉDITO DE LIVRE ADMISSÃO CENTRO BRASILEIRA LTDA.",113
3102185,"COOPERATIVA DE CRÉDITO DE LIVRE ADMISSÃO CENTRO NORDESTE - SICOOB CENTRO NORDESTE",2
7502031,"COOPERATIVA DE CRÉDITO DE LIVRE ADMISSÃO CENTRO OESTE LTDA.",10
952415,"COOPERATIVA DE CRÉDITO DE LIVRE ADMISSÃO CREDFAZ LTDA. - SICOOB CREDFAZ",5
2338666,"COOPERATIVA DE CRÉDITO DE LIVRE ADMISSÃO CREDIEMBRAPA LTDA - SICOOB.",2
10209619,"COOPERATIVA DE CRÉDITO DE LIVRE ADMISSÃO DA GRANDE GOIÂNIA LTDA.",5
14046512,"COOPERATIVA DE CRÉDITO DE LIVRE ADMISSÃO DA MARGEM ESQUERDA DO URUCUIA E SÃO FRANCISCO LTDA - SICOOB CREDICHAPADA",5
11907520,"COOPERATIVA DE CRÉDITO DE LIVRE ADMISSÃO DA PARAÍBA - SICOOB PARAÍBA",10
2144899,"COOPERATIVA DE CRÉDITO DE LIVRE ADMISSÃO DA REGIÃO CENTRAL DE RONDÔNIA   SICOOB OUROCREDI",14
1736516,"COOPERATIVA DE CRÉDITO DE LIVRE ADMISSÃO DA REGIÃO CENTRAL E OESTE MINEIRO LTDA. - SICOOB DIVICRED",29
25387713,"COOPERATIVA DE CRÉDITO DE LIVRE ADMISSÃO DA REGIÃO DE  PARÁ DE MINAS LTDA - SICOOB CREDIRURAL",16
71419600,"COOPERATIVA DE CRÉDITO DE LIVRE ADMISSÃO DA REGIÃO DE FRUTAL LTDA.   SICOOB FRUTAL",15
1699652,"COOPERATIVA DE CRÉDITO DE LIVRE ADMISSÃO DA REGIÃO DE GUAXUPÉ LTDA. - SICOOB ACICREDI",4
1657678,"COOPERATIVA DE CRÉDITO DE LIVRE ADMISSÃO DA REGIÃO DE SÃO SEBASTIÃO DO PARAÍSO LTDA. - SICOOB PARAÍSOCRED",6
2232383,"COOPERATIVA DE CRÉDITO DE LIVRE ADMISSÃO DA REGIÃO DO CIRCUITO CAMPOS DAS VERTENTES LTDA - SICOOB COPERMEC",21
5158093,"COOPERATIVA DE CRÉDITO DE LIVRE ADMISSÃO DA REGIÃO LESTE DA BACIA DO RIO DOCE LTDA   SICOOB CREDILESTE",4
7599206,"COOPERATIVA DE CRÉDITO DE LIVRE ADMISSÃO DA REGIÃO METROPOLITANA DE GOIÂNIA LTDA.",12
26191078,"COOPERATIVA DE CRÉDITO DE LIVRE ADMISSÃO DA REGIÃO SUL DO MARANHÃO - SICREDI SUL DO MARANHÃO",1
1060307,"COOPERATIVA DE CRÉDITO DE LIVRE ADMISSÃO DA UNIÃO DOS VALES DO PIRANGA E MATIPÓ LTDA. - SICOOB UNIÃO DOS VALES",66
2335109,"COOPERATIVA DE CRÉDITO DE LIVRE ADMISSÃO DA ZONA DA MATA LTDA   SICOOB COOPEMATA",31
1739375,"COOPERATIVA DE CRÉDITO DE LIVRE ADMISSÃO DE  LAGOA DA PRATA E REGIÃO LTDA.   SICOOB LAGOACRED GERAIS",3
33615055,"COOPERATIVA DE CRÉDITO DE LIVRE ADMISSÃO DE ANÁPOLIS E REGIÃO LTDA",7
71230338,"COOPERATIVA DE CRÉDITO DE LIVRE ADMISSÃO DE ARCOS LTDA. - SICOOB ARCOMCREDI",2
694389,"COOPERATIVA DE CRÉDITO DE LIVRE ADMISSÃO DE ASSOCIADOS - SICOOB CREDICARU SC/RS",15
73326449,"COOPERATIVA DE CRÉDITO DE LIVRE ADMISSÃO DE ASSOCIADOS - SICOOB CRUZ ALTA",6
78858107,"COOPERATIVA DE CRÉDITO DE LIVRE ADMISSÃO DE ASSOCIADOS AURIVERDE -  SICOOB - CREDIAL SC/RS",17
2254376,"COOPERATIVA DE CRÉDITO DE LIVRE ADMISSÃO DE ASSOCIADOS DE DORES DO INDAIÁ LTDA - COOPCREDI",1
12384953,"COOPERATIVA DE CRÉDITO DE LIVRE ADMISSÃO DE ASSOCIADOS DE JARAGUÁ DO SUL E REGIÃO - SICOOB CEJASCRED",4
78840071,"COOPERATIVA DE CRÉDITO DE LIVRE ADMISSÃO DE ASSOCIADOS DO ALTO URUGUAI CATARINENSE - SICOOB CREDIAUC",33
80959638,"COOPERATIVA DE CRÉDITO DE LIVRE ADMISSÃO DE ASSOCIADOS DO MEIO OESTE CATARINENSE - SICOOB CREDIMOC SC",4
1389651,"COOPERATIVA DE CRÉDITO DE LIVRE ADMISSÃO DE ASSOCIADOS DO PLANALTO CATARINENSE SICOOB CREDIPLANALTO SC/RS",20
1692448,"COOPERATIVA DE CRÉDITO DE LIVRE ADMISSÃO DE ASSOCIADOS DO PLANALTO SERRANO - SICOOB CREDISERRA SC",4
10143743,"COOPERATIVA DE CRÉDITO DE LIVRE ADMISSÃO DE ASSOCIADOS DO SUL DO BRASIL - CREVISC",10
78834975,"COOPERATIVA DE CRÉDITO DE LIVRE ADMISSÃO DE ASSOCIADOS DO VALE DO CANOINHAS - SICOOB CREDICANOINHAS/SC",42
81016131,"COOPERATIVA DE CRÉDITO DE LIVRE ADMISSÃO DE ASSOCIADOS DO VALE DO VINHO - SICOOB VALE DO VINHO",32
78483310,"COOPERATIVA DE CRÉDITO DE LIVRE ADMISSÃO DE ASSOCIADOS ITAPIRANGA - SICOOB CREDITAPIRANGA SC/RS",9
37076205,"COOPERATIVA DE CRÉDITO DE LIVRE ADMISSÃO DE ASSOCIADOS LTDA. - SICOOB JUDICIÁRIO",12
2641969,"COOPERATIVA DE CRÉDITO DE LIVRE ADMISSÃO DE ASSOCIADOS NOVA TRENTO   SICOOB TRENTOCREDI SC",16
78862083,"COOPERATIVA DE CRÉDITO DE LIVRE ADMISSÃO DE ASSOCIADOS NOVOS CAMPOS - SICOOB NOVOS CAMPOS",14
78825023,"COOPERATIVA DE CRÉDITO DE LIVRE ADMISSÃO DE ASSOCIADOS OESTE CATARINENSE",20
81607046,"COOPERATIVA DE CRÉDITO DE LIVRE ADMISSÃO DE ASSOCIADOS SÃO MIGUEL DO OESTE - SICOOB SÃO MIGUEL SC/PR/RS",62
81367880,"COOPERATIVA DE CRÉDITO DE LIVRE ADMISSÃO DE ASSOCIADOS SUL CATARINENSE - SICOOB CREDISULCA SC",26
2587492,"COOPERATIVA DE CRÉDITO DE LIVRE ADMISSÃO DE ASSOCIADOS URUBICI - SICOOB CREDIARAUCÁRIA/SC",11
2090126,"COOPERATIVA DE CRÉDITO DE LIVRE ADMISSÃO DE ASSOCIADOS VALE DO CHAPECOZINHO - SICOOB VALCREDI SUL",17
78865995,"COOPERATIVA DE CRÉDITO DE LIVRE ADMISSÃO DE ASSOCIADOS VALE DO RIO DO PEIXE - SICOOB CREDIRIO SC",12
1760242,"COOPERATIVA DE CRÉDITO DE LIVRE ADMISSÃO DE BELO HORIZONTE E CIDADES POLO DO ESTADO DE MINAS GERAIS LTDA. - SICOOB NOSSACOOP",36
869687,"COOPERATIVA DE CRÉDITO DE LIVRE ADMISSÃO DE BOA ESPERANÇA LTDA. - SICOOB BELCREDI",4
71146450,"COOPERATIVA DE CRÉDITO DE LIVRE ADMISSÃO DE CAMPOS GERAIS E CAMPO DO MEIO LTDA - SICOOB CREDCAM",12
25743311,"COOPERATIVA DE CRÉDITO DE LIVRE ADMISSÃO DE CARMO DO RIO CLARO LTDA - SICOOB CREDICARMO",5
9576849,"COOPERATIVA DE CRÉDITO DE LIVRE ADMISSÃO DE CERES E RIALMA LTDA",5
4079285,"COOPERATIVA DE CRÉDITO DE LIVRE ADMISSÃO DE ITAJUBÁ LTDA - SICOOB SUDESTE MAIS",14
66463407,"COOPERATIVA DE CRÉDITO DE LIVRE ADMISSÃO DE ITAÚNA E REGIÃO LTDA - SICOOB CENTRO-OESTE",9
10143499,"COOPERATIVA DE CRÉDITO DE LIVRE ADMISSÃO DE JATAÍ E REGIÃO LTDA.",5
37631058,"COOPERATIVA DE CRÉDITO DE LIVRE ADMISSÃO DE PALMEIRAS E REGIÃO LTDA.",5
71441406,"COOPERATIVA DE CRÉDITO DE LIVRE ADMISSÃO DE PEDRO LEOPOLDO LTDA - SICOOB CREDIPEL",18
3732359,"COOPERATIVA DE CRÉDITO DE LIVRE ADMISSÃO DE PERNAMBUCO - SICOOB PERNAMBUCO",37
5222094,"COOPERATIVA DE CRÉDITO DE LIVRE ADMISSÃO DE PIRACANJUBA LTDA. - SICOOB CERRADO",3
41931221,"COOPERATIVA DE CRÉDITO DE LIVRE ADMISSÃO DE PITANGUI, PAPAGAIOS, MARAVILHAS E REGIÃO LTDA. - SICOOB CREDICOOP",6
9033698,"COOPERATIVA DE CRÉDITO DE LIVRE ADMISSÃO DE RIO VERDE E REGIÃO LTDA.",3
2137018,"COOPERATIVA DE CRÉDITO DE LIVRE ADMISSÃO DE RORAIMA LTDA.",5
6910457,"COOPERATIVA DE CRÉDITO DE LIVRE ADMISSÃO DE SANTA CRUZ DAS PALMEIRAS E REGIÃO",3
41707258,"COOPERATIVA DE CRÉDITO DE LIVRE ADMISSÃO DE SANTO ANTÔNIO DO MONTE LTDA.   SICOOB CREDIMONTE",19
66402207,"COOPERATIVA DE CRÉDITO DE LIVRE ADMISSÃO DE SÃO ROQUE DE MINAS LTDA.",28
2833202,"COOPERATIVA DE CRÉDITO DE LIVRE ADMISSÃO DE VITÓRIA DA CONQUISTA",3
4649337,"COOPERATIVA DE CRÉDITO DE LIVRE ADMISSÃO DFMIL LTDA. - SICOOB DFMIL",1
41805003,"COOPERATIVA DE CRÉDITO DE LIVRE ADMISSÃO DO ALTO SÃO FRANCISCO LTDA.",8
16779741,"COOPERATIVA DE CRÉDITO DE LIVRE ADMISSÃO DO ALTO VALE DO ITAJAÍ - VIACREDI ALTO VALE",28
694877,"COOPERATIVA DE CRÉDITO DE LIVRE ADMISSÃO DO BRASIL CENTRAL LTDA. - SICOOB EXECUTIVO",8
2282709,"COOPERATIVA DE CRÉDITO DE LIVRE ADMISSÃO DO CENTRO NORTE BRASILEIRO",57
3326437,"COOPERATIVA DE CRÉDITO DE LIVRE ADMISSÃO DO CENTRO NORTE DOS ESTADOS DE MATO GROSSO E MATO GROSSO DO SUL - SICOOB UNIÃO MT/MS",30
10319386,"COOPERATIVA DE CRÉDITO DE LIVRE ADMISSÃO DO CENTRO SUL DE MATO GROSSO DO SUL - SICOOB CENTRO SUL MS",7
2015588,"COOPERATIVA DE CRÉDITO DE LIVRE ADMISSÃO DO CENTRO SUL RONDONIENSE - SICOOB CREDIP.",48
33579731,"COOPERATIVA DE CRÉDITO DE LIVRE ADMISSÃO DO CENTRO-SUL GOIANO LTDA",10
3941182,"COOPERATIVA DE CRÉDITO DE LIVRE ADMISSÃO DO CIRCUITO DAS ÁGUAS - SICOOB CIRCUITO DAS ÁGUAS",5
4406371,"COOPERATIVA DE CRÉDITO DE LIVRE ADMISSÃO DO ESTADO DE GOIÁS",13
10262276,"COOPERATIVA DE CRÉDITO DE LIVRE ADMISSÃO DO ESTADO DE SÃO PAULO - SICOOB PAULISTA",22
1608685,"COOPERATIVA DE CRÉDITO DE LIVRE ADMISSÃO DO ESTADO DO ACRE LTDA.",2
83836114,"COOPERATIVA DE CRÉDITO DE LIVRE ADMISSÃO DO ESTADO DO PARÁ - SICOOB COOESA",4
2931668,"COOPERATIVA DE CRÉDITO DE LIVRE ADMISSÃO DO ESTADO DO RIO DE JANEIRO - SICOOB FLUMINENSE",19
1644264,"COOPERATIVA DE CRÉDITO DE LIVRE ADMISSÃO DO MÉDIO PIRACICABA, CIRCUITO DO OURO, GRANDE BH E RIO GRANDE DO NORTE LTDA. -  SICOOB CREDIMEPI",33
71154876,"COOPERATIVA DE CRÉDITO DE LIVRE ADMISSÃO DO NOROESTE DE MINAS GERAIS LTDA.   SICOOB CREDIPINHO",22
23623636,"COOPERATIVA DE CRÉDITO DE LIVRE ADMISSÃO DO NORTE DE MATO GROSSO - SICOOB NORTE MT",27
9424988,"COOPERATIVA DE CRÉDITO DE LIVRE ADMISSÃO DO OESTE MARANHENSE - SICOOB OESTE MARANHENSE",11
71297899,"COOPERATIVA DE CRÉDITO DE LIVRE ADMISSÃO DO OESTE MINEIRO LTDA. - SICOOB CREDICOPA",11
26178533,"COOPERATIVA DE CRÉDITO DE LIVRE ADMISSÃO DO PONTAL DO TRIANGULO LTDA - SICOOB CREDIPONTAL",10
24795049,"COOPERATIVA DE CRÉDITO DE LIVRE ADMISSÃO DO SUDOESTE GOIANO",84
3427097,"COOPERATIVA DE CRÉDITO DE LIVRE ADMISSÃO DO SUL CATARINENSE - ACENTRA",13
26960328,"COOPERATIVA DE CRÉDITO DE LIVRE ADMISSÃO DO TOCANTINS LTDA",16
86829827,"COOPERATIVA DE CRÉDITO DE LIVRE ADMISSÃO DO VALE - SICOOB CREDIVALE/SC",17
24830879,"COOPERATIVA DE CRÉDITO DE LIVRE ADMISSÃO DO VALE DO ARAGUAIA LTDA.",4
24799033,"COOPERATIVA DE CRÉDITO DE LIVRE ADMISSÃO DO VALE DO PARANAÍBA LTDA.",16
1637949,"COOPERATIVA DE CRÉDITO DE LIVRE ADMISSÃO DO VALE DO PARANAPANEMA",15
25683475,"COOPERATIVA DE CRÉDITO DE LIVRE ADMISSÃO DO VALE DO RIO GRANDE LTDA. - SICOOB UBERABA",11
2480577,"COOPERATIVA DE CRÉDITO DE LIVRE ADMISSÃO E DOS ADVOGADOS LTDA. - SICOOB CREDIJUR",3
7789195,"COOPERATIVA DE CRÉDITO DE LIVRE ADMISSÃO E DOS TRANSPORTADORES RODOVIÁRIOS DE VEÍCULOS - SICOOB CREDCEG",2
37079720,"COOPERATIVA DE CRÉDITO DE LIVRE ADMISSÃO LTDA. - SICOOB CREDIJUSTRA",13
7026923,"COOPERATIVA DE CRÉDITO DE LIVRE ADMISSÃO SICOOB ARENITO PARANÁ / SÃO PAULO",36
25363615,"COOPERATIVA DE CRÉDITO DE LIVRE ADMISSÃO SICOOB COOPJUS LTDA.",4
8795285,"COOPERATIVA DE CRÉDITO DE LIVRE ADMISSÃO SICOOB CREDIACIL",5
1667352,"COOPERATIVA DE CRÉDITO DE LIVRE ADMISSÃO SICOOB CREDMISSÃO LTDA. - SICOOB CREDMISSÃO",6
7946216,"COOPERATIVA DE CRÉDITO DE LIVRE ADMISSÃO SICOOB UNIÃO SUDESTE",7
1259518,"COOPERATIVA DE CRÉDITO DE LIVRE ADMISSÃO SICOOB UNIMAIS CENTRO LESTE PAULISTA - SICOOB UNIMAIS CENTRO LESTE PAULISTA",12
26526166,"COOPERATIVA DE CRÉDITO DE LIVRE ADMISSÃO SUL MARANHENSE - SICOOB SUL MARANHENSE",0
4876393,"COOPERATIVA DE CRÉDITO DE LIVRE ADMISSÃO TRÊS FRONTEIRAS - SICOOB TRÊS FRONTEIRAS",21
1703620,"COOPERATIVA DE CRÉDITO DE LIVRE ADMISSÃO UNIÃO DO CENTRO OESTE DE MINAS LTDA - SICOOB CREDESP",5
8742188,"COOPERATIVA DE CRÉDITO DE LIVRE ADMISSÃO UNIÃO E NEGÓCIOS - SICOOB INTEGRAÇÃO",25
41669227,"COOPERATIVA DE CRÉDITO DE PRODUTORES RURAIS E DE LIVRE ADMISSÃO DO TRIÂNGULO LTDA    SICOOB CREDITRIL",9
2448839,"COOPERATIVA DE CRÉDITO DE RIO RUFINO - SICOOB CREDIUNIÃO",3
1374196,"COOPERATIVA DE CRÉDITO DE SÃO FRANCISCO DE SALES LTDA. - SICOOB CREDISALES",2
10548608,"COOPERATIVA DE CRÉDITO DE SERVIDORES DA UESC - UESCOOP",0
42880617,"COOPERATIVA DE CRÉDITO DE TIROS E MATUTINA LTDA.- SICOOB CREDITIROS",4
71238232,"COOPERATIVA DE CRÉDITO DO CENTRO SUL MINEIRO LTDA. - SICOOB CENTRO SUL MINEIRO",18
1187961,"COOPERATIVA DE CRÉDITO DO DISTRITO FEDERAL E ENTORNO LTDA",6
3461243,"COOPERATIVA DE CRÉDITO DO NORTE CATARINENSE - ACREDICOOP",23
81011686,"COOPERATIVA DE CRÉDITO DO NORTE CATARINENSE E SUL PARANAENSE - SICOOB CREDINORTE",16
698609,"COOPERATIVA DE CRÉDITO DO NORTE E NOROESTE DE MINAS GERAIS LTDA. - SICOOB CREDIGERAIS",26
2282165,"COOPERATIVA DE CRÉDITO DO SUDOESTE BAIANO LTDA - SICOOB CREDICONQUISTA",7
10348181,"COOPERATIVA DE CRÉDITO DO VALE DO ITAJAÍ E LITORAL CATARINENSE - SICREDI VALE LITORAL SC",37
2883398,"COOPERATIVA DE CRÉDITO DO VALE DO ITAJAÍ E VALE DO ITAPOCÚ - SICOOB MULTICREDI",10
4237413,"COOPERATIVA DE CRÉDITO DO VALE DO SÃO FRANCISCO - SICREDI VALE DO SÃO FRANCISCO",6
86791837,"COOPERATIVA DE CRÉDITO DO VALE DOS PINHAIS - SICOOB VALE DOS PINHAIS",8
82133182,"COOPERATIVA DE CRÉDITO DO VALE EUROPEU - SICOOB EURO VALE",14
3422007,"COOPERATIVA DE CRÉDITO DOS BANCÁRIOS DE SÃO PAULO E MUNICÍPIOS LIMÍTROFES",4
2217068,"COOPERATIVA DE CRÉDITO DOS CONTADORES, ADMINISTRADORES DE EMPRESAS, ECONOMISTAS E CORRETORES DE SEGUROS LTDA. - SICOOB CREDITABIL",0
8931800,"COOPERATIVA DE CRÉDITO DOS EMPREGADOS DA CBA ITAPISSUMA E EMPREGADOS DE EMPRESAS PRESTADORA DE SERVIÇOS INDUSTRIAIS, NO ESTADO DE PERNAMBUCO - CREDCOOPE",0
19495266,"COOPERATIVA DE CRÉDITO DOS EMPREGADOS DA COMPANHIA INDUSTRIAL CATAGUASES E DA BAUMINAS LTDA. - COOPECIC",0
4998845,"COOPERATIVA DE CRÉDITO DOS EMPREGADOS DA MINERAÇÃO RIO DO NORTE",0
62605290,"COOPERATIVA DE CRÉDITO DOS EMPREGADOS DAS EMPRESAS DO GRUPO INDORAMA NO BRASIL",0
43730498,"COOPERATIVA DE CRÉDITO DOS EMPREGADOS DE ELEVADORES ATLAS",0
57996878,"COOPERATIVA DE CRÉDITO DOS EMPREGADOS DO GRUPO AKZO NOBEL BRASIL - COOP AKZONOBEL",0
29985421,"COOPERATIVA DE CRÉDITO DOS EMPREGADOS DO GRUPO NEFFA E DEMAIS ESTABELECIMENTOS DO SETOR DE ALIMENTOS DA GRANDE VITÓRIA.",0
64293582,"COOPERATIVA DE CRÉDITO DOS EMPREGADOS DO GRUPO VALLOUREC NO BRASIL - COOVALL LTDA.",1
10808037,"COOPERATIVA DE CRÉDITO DOS EMPRESÁRIOS DE MANAUS - SICOOB CREDEMPRESAS-AM",0
8075352,"COOPERATIVA DE CRÉDITO DOS EMPRESÁRIOS E EMPREGADOS DOS TRANSPORTES E CORREIOS DO SUL DO BRASIL - TRANSPOCRED",40
44746352,"COOPERATIVA DE CRÉDITO DOS FORNECEDORES DE CANA DE BARRA BONITA E REGIÃO",0
11356599,"COOPERATIVA DE CRÉDITO DOS FUNCIONÁRIOS DA PERPART, DO IPA E DA ADAGRO - COOPEMATER",0
3657230,"COOPERATIVA DE CRÉDITO DOS FUNCIONÁRIOS DO GRUPO PPG",0
84156470,"COOPERATIVA DE CRÉDITO DOS INTEGRANTES DO MINISTÉRIO PÚBLICO E DO PODER JUDICIÁRIO NOS ESTADOS DO AMAPÁ E CEARÁ E LIVRE ADMISSÃO NO ESTADO DO PARÁ - SICOOB COIMPPA",0
3519240,"COOPERATIVA DE CRÉDITO DOS INTEGRANTES DO PODER JUDICIÁRIO E DO MINISTÉRIO PÚBLICO DO ESTADO DE MINAS GERAIS LTDA. - SICOOB JUS-MP",5
5040680,"COOPERATIVA DE CRÉDITO DOS MAGISTRADOS DO ESTADO DO RIO DE JANEIRO LTDA. - MAGICREDI-RJ",2
9552111,"COOPERATIVA DE CRÉDITO DOS MAGISTRADOS, SERVIDORES DA JUSTIÇA DO ESTADO DE GOIÁS E EMPREGADOS DA CELG LTDA.",2
5740092,"COOPERATIVA DE CRÉDITO DOS METALÚRGICOS DO ABC - CREDABC",0
71884498,"COOPERATIVA DE CRÉDITO DOS MÉDICOS, DENTISTAS, PROFISSIONAIS DA ÁREA DE SAÚDE E DE LIVRE ADMISSÃO DO ESTADO DE SÃO PAULO LTDA. - UNICRED DO ESTADO DE SÃO PAULO",34
36900256,"COOPERATIVA DE CRÉDITO DOS MÉDICOS, PROFISSIONAIS DA SAÚDE E EMPRESÁRIOS DE MATO GROSSO",16
70937271,"COOPERATIVA DE CRÉDITO DOS PROFISSIONAIS DA ÁREA DA SAÚDE E DE LIVRE ADMISSÃO LTDA - UNICRED ALIANÇA",32
71418784,"COOPERATIVA DE CRÉDITO DOS PROFISSIONAIS DA SAÚDE E LIVRE ADMISSÃO DO SUL DE MINAS LTDA",11
71432926,"COOPERATIVA DE CRÉDITO DOS PROFISSIONAIS DE SAÚDE E DE LIVRE ADMISSÃO DO TRIÂNGULO MINEIRO E SUL DE MINAS LTDA. - UNICRED PROGRESSO",4
5979692,"COOPERATIVA DE CRÉDITO DOS PROFISSIONAIS DOS CREAS E DEMAIS ÁREAS TECNOLÓGICAS - CREDCREA",24
27302181,"COOPERATIVA DE CRÉDITO DOS SERVIDORES DA UNIVERSIDADE FEDERAL DO ESPIRITO SANTO",4
512839,"COOPERATIVA DE CRÉDITO DOS SERVIDORES DO MUNICIPIO DE SANTO ANDRÉ - SP - CECRESA",0
21797311,"COOPERATIVA DE CRÉDITO DOS SERVIDORES DOS PODERES LEGISLATIVOS DO ESTADO DE MINAS GERAIS E DO SEU ÓRGÃO AUXILIAR E DE LIVRE ADMISSÃO LTDA. - SICOOB COFAL",3
3269540,"COOPERATIVA DE CRÉDITO DOS SERVIDORES MILITARES, POLÍCIA CIVIL E DA SECRETARIA DE EDUCAÇÃO DO ESTADO DE MINAS GERAIS LTDA - SICOOB COOPEMG",0
1235921,"COOPERATIVA DE CRÉDITO DOS SERVIDORES PÚBLICOS MUNICIPAIS DA GRANDE VITÓRIA/ES",1
20833976,"COOPERATIVA DE CRÉDITO DOS SERVIDORES PÚBLICOS MUNICIPAIS DE TIMÓTEO LTDA. - COOPERTIM",0
4321309,"COOPERATIVA DE CRÉDITO DOS SERVIDORES PÚBLICOS NO ESTADO DA BAHIA LTDA. - SICOOB CRED EXECUTIVO",8
3047549,"COOPERATIVA DE CRÉDITO E CAPTAÇÃO SICOOB UNICIDADES",13
7412987,"COOPERATIVA DE CRÉDITO E ECONOMIA COM INTERAÇÃO SOLIDÁRIA - CRESOL ALIANÇA",15
9488496,"COOPERATIVA DE CRÉDITO E ECONOMIA COM INTERAÇÃO SOLIDÁRIA - CRESOL COOPERACRED",4
5425526,"COOPERATIVA DE CRÉDITO E ECONOMIA COM INTERAÇÃO SOLIDÁRIA - CRESOL DESENVOLVIMENTO",8
3485130,"COOPERATIVA DE CRÉDITO E ECONOMIA COM INTERAÇÃO SOLIDÁRIA - CRESOL ENCOSTAS DA SERRA GERAL",12
5070112,"COOPERATIVA DE CRÉDITO E ECONOMIA COM INTERAÇÃO SOLIDÁRIA - CRESOL INOVAÇÃO",10
8055016,"COOPERATIVA DE CRÉDITO E ECONOMIA COM INTERAÇÃO SOLIDÁRIA - CRESOL INTERAÇÃO",8
5269976,"COOPERATIVA DE CRÉDITO E ECONOMIA COM INTERAÇÃO SOLIDÁRIA - CRESOL MAIS",13
2663426,"COOPERATIVA DE CRÉDITO E ECONOMIA COM INTERAÇÃO SOLIDÁRIA - CRESOL NOROESTE",36
7509426,"COOPERATIVA DE CRÉDITO E ECONOMIA COM INTERAÇÃO SOLIDÁRIA - CRESOL XANXERÊ",5
2844024,"COOPERATIVA DE CRÉDITO E ECONOMIA COM INTERAÇÃO SOLIDÁRIA CRESOL EVOLUÇÃO",12
7320890,"COOPERATIVA DE CRÉDITO E ECONOMIA COM INTERAÇÃO SOLIDÁRIA CRESOL VALE",8
4565791,"COOPERATIVA DE CRÉDITO E ECONOMIA COM INTERAÇÃO SOLIDÁRIA DE ARATIBA - CRESOL ARATIBA",5
2904125,"COOPERATIVA DE CRÉDITO E ECONOMIA COM INTERAÇÃO SOLIDÁRIA DE JACUTINGA - CRESOL JACUTINGA",15
3015152,"COOPERATIVA DE CRÉDITO E ECONOMIA COM INTERAÇÃO SOLIDÁRIA DE SÃO VALENTIM - CRESOL SÃO VALENTIM",9
5863726,"COOPERATIVA DE CRÉDITO E ECONOMIA COM INTERAÇÃO SOLIDÁRIA DO PLANALTO SERRA DO RIO GRANDE DO SUL - CRESOL PLANALTO SERRA",29
7215632,"COOPERATIVA DE CRÉDITO E INVESTIMENTO COM INTERAÇÃO SOLIDÁRIA ALTERNATIVA - CRESOL ALTERNATIVA",16
7465539,"COOPERATIVA DE CRÉDITO E INVESTIMENTO COM INTERAÇÃO SOLIDÁRIA ALTO VALE - CRESOL ALTO VALE",19
7946451,"COOPERATIVA DE CRÉDITO E INVESTIMENTO COM INTERAÇÃO SOLIDÁRIA ATIVA - CRESOL ATIVA",22
5211129,"COOPERATIVA DE CRÉDITO E INVESTIMENTO COM INTERAÇÃO SOLIDÁRIA CENTRO NORTE - CRESOL CENTRO NORTE",9
1155801,"COOPERATIVA DE CRÉDITO E INVESTIMENTO COM INTERAÇÃO SOLIDÁRIA CENTRO SERRA - CRESOL CENTRO SERRA",13
2910987,"COOPERATIVA DE CRÉDITO E INVESTIMENTO COM INTERAÇÃO SOLIDÁRIA CENTRO SUL RS/MS - CRESOL CENTRO SUL RS/MS",21
11969853,"COOPERATIVA DE CRÉDITO E INVESTIMENTO COM INTERAÇÃO SOLIDÁRIA CONEXÃO - CRESOL CONEXÃO",11
7252614,"COOPERATIVA DE CRÉDITO E INVESTIMENTO COM INTERAÇÃO SOLIDÁRIA CONFIANÇA - CRESOL CONFIANÇA",14
5983995,"COOPERATIVA DE CRÉDITO E INVESTIMENTO COM INTERAÇÃO SOLIDÁRIA COOPERAR - CRESOL COOPERAR",18
10520232,"COOPERATIVA DE CRÉDITO E INVESTIMENTO COM INTERAÇÃO SOLIDÁRIA DA AMAZÔNIA - CRESOL AMAZÔNIA",21
4490531,"COOPERATIVA DE CRÉDITO E INVESTIMENTO COM INTERAÇÃO SOLIDÁRIA DE GOIÁS - CRESOL GOIÁS",12
8624548,"COOPERATIVA DE CRÉDITO E INVESTIMENTO COM INTERAÇÃO SOLIDÁRIA DE MINAS GERAIS - CRESOL MINAS GERAIS",25
50735161,"COOPERATIVA DE CRÉDITO E INVESTIMENTO COM INTERAÇÃO SOLIDÁRIA DE NOVA MUTUM E REGIÃO - CRESOL MATO GROSSO",7
53575491,"COOPERATIVA DE CRÉDITO E INVESTIMENTO COM INTERAÇÃO SOLIDÁRIA DE TOLEDO E REGIÃO - CRESOL PRIMATO CREDI",2
6139650,"COOPERATIVA DE CRÉDITO E INVESTIMENTO COM INTERAÇÃO SOLIDÁRIA DO RIO GRANDE DO SUL - CRESOL RIO GRANDE DO SUL",23
7512780,"COOPERATIVA DE CRÉDITO E INVESTIMENTO COM INTERAÇÃO SOLIDÁRIA DO VALE EUROPEU - CRESOL VALE EUROPEU",49
6031727,"COOPERATIVA DE CRÉDITO E INVESTIMENTO COM INTERAÇÃO SOLIDÁRIA ESSÊNCIA - CRESOL ESSÊNCIA",21
5276770,"COOPERATIVA DE CRÉDITO E INVESTIMENTO COM INTERAÇÃO SOLIDÁRIA FRONTEIRAS PR/SC/SP/ES - CRESOL FRONTEIRAS PR/SC/SP/ES",33
6126780,"COOPERATIVA DE CRÉDITO E INVESTIMENTO COM INTERAÇÃO SOLIDÁRIA GRANDES LAGOS PR/SP - CRESOL GRANDES LAGOS PR/SP",17
5277312,"COOPERATIVA DE CRÉDITO E INVESTIMENTO COM INTERAÇÃO SOLIDÁRIA HORIZONTE - CRESOL HORIZONTE",20
7268499,"COOPERATIVA DE CRÉDITO E INVESTIMENTO COM INTERAÇÃO SOLIDÁRIA INTEGRAÇÃO - CRESOL INTEGRAÇÃO",28
2934201,"COOPERATIVA DE CRÉDITO E INVESTIMENTO COM INTERAÇÃO SOLIDÁRIA LIDERANÇA - CRESOL LIDERANÇA",19
8488377,"COOPERATIVA DE CRÉDITO E INVESTIMENTO COM INTERAÇÃO SOLIDÁRIA MISSÕES FRONTEIRA RS - CRESOL MISSÕES FRONTEIRA RS",11
5494591,"COOPERATIVA DE CRÉDITO E INVESTIMENTO COM INTERAÇÃO SOLIDÁRIA NASCENTE - CRESOL NASCENTE",9
7925729,"COOPERATIVA DE CRÉDITO E INVESTIMENTO COM INTERAÇÃO SOLIDÁRIA NORTE PARANAENSE - CRESOL NORTE PARANAENSE",18
5220243,"COOPERATIVA DE CRÉDITO E INVESTIMENTO COM INTERAÇÃO SOLIDÁRIA ORIGENS - CRESOL ORIGENS",18
2766672,"COOPERATIVA DE CRÉDITO E INVESTIMENTO COM INTERAÇÃO SOLIDÁRIA PLANALTO SUL - CRESOL PLANALTO SUL",14
2448310,"COOPERATIVA DE CRÉDITO E INVESTIMENTO COM INTERAÇÃO SOLIDÁRIA PROGRESSO - CRESOL PROGRESSO",16
17343510,"COOPERATIVA DE CRÉDITO E INVESTIMENTO COM INTERAÇÃO SOLIDÁRIA RAIZ - CRESOL RAIZ",50
4350225,"COOPERATIVA DE CRÉDITO E INVESTIMENTO COM INTERAÇÃO SOLIDÁRIA TRADIÇÃO - CRESOL TRADIÇÃO",22
24431221,"COOPERATIVA DE CRÉDITO E INVESTIMENTO COM INTERAÇÃO SOLIDÁRIA TRANSAMAZÔNICA - CRESOL TRANSAMAZÔNICA",12
4261151,"COOPERATIVA DE CRÉDITO E INVESTIMENTO COM INTERAÇÃO SOLIDÁRIA TRANSFORMAÇÃO - CRESOL TRANSFORMAÇÃO",15
8560508,"COOPERATIVA DE CRÉDITO E INVESTIMENTO COM INTERAÇÃO SOLIDÁRIA TRIUNFO - CRESOL TRIUNFO",12
2446089,"COOPERATIVA DE CRÉDITO E INVESTIMENTO COM INTERAÇÃO SOLIDÁRIA UNIÃO - CRESOL UNIÃO",19
5231945,"COOPERATIVA DE CRÉDITO E INVESTIMENTO COM INTERAÇÃO SOLIDÁRIA UNIÃO DOS VALES - CRESOL UNIÃO DOS VALES",41
4663561,"COOPERATIVA DE CRÉDITO E INVESTIMENTO COM INTERAÇÃO SOLIDÁRIA VALE DAS ÁGUAS PR/MG - CRESOL VALE DAS ÁGUAS PR/MG",16
3965737,"COOPERATIVA DE CRÉDITO E INVESTIMENTO COM INTERAÇÃO SOLIDÁRIA VANGUARDA - CRESOL VANGUARDA",21
79457883,"COOPERATIVA DE CRÉDITO E INVESTIMENTO DE LIVRE ADMISSÃO AGROEMPRESARIAL - SICREDI AGROEMPRESARIAL PR/SP",41
3632872,"COOPERATIVA DE CRÉDITO E INVESTIMENTO DO SUDOESTE  DA AMAZÔNIA LTDA - SICOOB CREDISUL",47
88530142,"COOPERATIVA DE CRÉDITO E INVESTIMENTO LIBERDADE - SICREDI LIBERDADE",21
8044854,"COOPERATIVA DE CRÉDITO E INVESTIMENTO SICOOB CENTRO - SICOOB CENTRO",24
53841911,"COOPERATIVA DE CRÉDITO E INVESTIMENTO UNINDÚSTRIA",2
4751713,"COOPERATIVA DE CRÉDITO E INVESTIMENTOS DE RONDÔNIA - SICOOB CREDJURD",4
5097757,"COOPERATIVA DE CRÉDITO E SERVIÇOS FINANCEIROS DE CURITIBA E REGIÃO METROPOLITANA",1
10311218,"COOPERATIVA DE CRÉDITO EVOLUA",21
88471024,"COOPERATIVA DE CRÉDITO GERAÇÕES - SICREDI GERAÇÕES RS/MG",27
26014175,"COOPERATIVA DE CRÉDITO GUARANICREDI LTDA. - SICOOB GUARANICREDI",23
7194313,"COOPERATIVA DE CRÉDITO HORIZONTE - SICOOB HORIZONTE",8
7122321,"COOPERATIVA DE CRÉDITO INTEGRADO - SICOOB INTEGRADO",45
85291086,"COOPERATIVA DE CRÉDITO LITORÂNEA",16
2179673,"COOPERATIVA DE CRÉDITO LIVRE ADMISSÃO SICOOB OURICRED",4
78825270,"COOPERATIVA DE CRÉDITO MAXI ALFA DE LIVRE ADMISSÃO DE ASSOCIADOS - SICOOB MAXICRÉDITO",101
71392047,"COOPERATIVA DE CRÉDITO MONTECREDI LTDA. - SICOOB MONTECREDI",5
7669921,"COOPERATIVA DE CRÉDITO MÚTUO - SICOOB CREDIACISC",4
10175348,"COOPERATIVA DE CRÉDITO MÚTUO DE LIVRE ADMISSÃO DA REGIÃO ADMINISTRATIVA DE SOROCABA - SICOOB COOPERASO",4
4414354,"COOPERATIVA DE CRÉDITO MÚTUO DO ABC - COOPER 7",2
3620772,"COOPERATIVA DE CRÉDITO MÚTUO DO CEARÁ - SICOOB CEARÁ",3
5861932,"COOPERATIVA DE CRÉDITO MÚTUO DOS ADVOGADOS DE SANTA CATARINA",13
8030602,"COOPERATIVA DE CRÉDITO MÚTUO DOS CORRETORES DE SEGUROS DO ESTADO DE SÃO PAULO - SICOOB CREDICOR/SP",0
4715685,"COOPERATIVA DE CRÉDITO MÚTUO DOS DESPACHANTES DE TRÂNSITO DE SANTA CATARINA E RIO GRANDE DO SUL - SICOOB CREDITRAN",2
46642294,"COOPERATIVA DE CRÉDITO MÚTUO DOS EMPREGADOS DA EMBRAER- SICOOB COOPEREMB",19
55319370,"COOPERATIVA DE CRÉDITO MÚTUO DOS EMPREGADOS DA FIAÇÃO ALPINA - COOPERALPINA",0
58290800,"COOPERATIVA DE CRÉDITO MÚTUO DOS EMPREGADOS DA MAXION - CREDMAXION",1
2104058,"COOPERATIVA DE CRÉDITO MÚTUO DOS EMPREGADOS DA PILKINGTON BRASIL",0
49091119,"COOPERATIVA DE CRÉDITO MÚTUO DOS EMPREGADOS DA SKF E COLIGADAS",0
6369729,"COOPERATIVA DE CRÉDITO MÚTUO DOS EMPREGADOS DAS INDÚSTRIAS DO PAPEL, PAPELÃO E CORTIÇA DE OTACÍLIO COSTA, LAGES E CORREA PINTO - PAPELCREDI",0
20833992,"COOPERATIVA DE CRÉDITO MÚTUO DOS EMPREGADOS DO CENTRO UNIVERSITÁRIO NEWTON PAIVA LTDA. - CREDIPAIVA",0
2093154,"COOPERATIVA DE CRÉDITO MÚTUO DOS EMPREGADOS DO MAGAZINE LUIZA, EMPRESAS CONTROLADAS E COLIGADAS - COOPLUIZA",0
3674133,"COOPERATIVA DE CRÉDITO MÚTUO DOS EMPREGADOS EM INSTITUIÇÕES DO SISTEMA FINANCEIRO NAS REGIÕES DE SÃO PAULO E CAMPINAS (SP) - CREDISCOOP",1
5747018,"COOPERATIVA DE CRÉDITO MÚTUO DOS FUNCIONÁRIOS DA FIEP, SESI, SENAI, IEL E DO CONDOMÍNIO EDIFÍCIO AGOSTINHO VELLOSO DA SILVEIRA (CEAVS  - CREDFISP LTDA.",0
6077760,"COOPERATIVA DE CRÉDITO MÚTUO DOS FUNCIONÁRIOS DA RICLAN",0
53932869,"COOPERATIVA DE CRÉDITO MÚTUO DOS FUNCIONÁRIOS DAS EMPRESAS FERROVIÁRIAS NO ESTADO DE SÃO PAULO",0
2083914,"COOPERATIVA DE CRÉDITO MÚTUO DOS POLICIAIS FEDERAIS E SERVIDORES PÚBLICOS NO ESPÍRITO SANTO - CREDFEDERAL",1
1709266,"COOPERATIVA DE CRÉDITO MÚTUO DOS PROFISSIONAIS DA SAÚDE E LIVRE ADMISSÃO DE TEÓFILO OTONI LTDA. - UNICRED TRÊS VALES",0
4791645,"COOPERATIVA DE CRÉDITO MÚTUO DOS SERVIDORES DA ASSEMBLEIA LEGISLATIVA DO ESTADO DE SÃO PAULO - COOPERALESP",0
4804353,"COOPERATIVA DE CRÉDITO MÚTUO DOS SERVIDORES DA SEGURANÇA PÚBLICA DE SÃO PAULO - CREDIAFAM",0
53800488,"COOPERATIVA DE CRÉDITO MÚTUO DOS SERVIDORES DE ÓRGAOS GESTORES DE RECURSOS HÍDRICOS DO ESTADO DE SÃO PAULO - COOPERHIDRO",0
73092827,"COOPERATIVA DE CRÉDITO MÚTUO DOS SERVIDORES DO MINISTERIO DA EDUCAÇÃO EM SÃO PAULO - COOPEMESP",1
2275781,"COOPERATIVA DE CRÉDITO MÚTUO DOS SERVIDORES FEDERAIS NA PARAÍBA - SICOOB COOPERCRET",1
5969937,"COOPERATIVA DE CRÉDITO MÚTUO DOS SERVIDORES MUNICIPAIS DE BEBEDOURO - COOCRESB.",0
74248949,"COOPERATIVA DE CRÉDITO MÚTUO DOS SERVIDORES MUNICIPAIS DE SÃO JOÃO DA BOA VISTA - CREDIVISTA",1
3612679,"COOPERATIVA DE CRÉDITO MÚTUO DOS SERVIDORES PÚBLICOS - CREDI-SP",0
6942423,"COOPERATIVA DE CRÉDITO MÚTUO DOS TRABALHADORES DO SISTEMA FINANCEIRO DE CURITIBA E REGIÃO - COOPCREFI",0
5477038,"COOPERATIVA DE CRÉDITO NO PIAUÍ - SICOOB PIAUÍ",6
86564051,"COOPERATIVA DE CRÉDITO NOROESTE DE MINAS LTDA. - SICOOB NOROESTE DE MINAS",22
3419786,"COOPERATIVA DE CRÉDITO NOSSA SENHORA DO DESTERRO - SICOOB CREDISC",9
22760839,"COOPERATIVA DE CRÉDITO NOSSOCRÉDITO LTDA - SICOOB NOSSOCRÉDITO",34
81292278,"COOPERATIVA DE CRÉDITO ORIGINAL - SICOOB ORIGINAL",13
4484490,"COOPERATIVA DE CRÉDITO POUPANÇA E INVESTIMENTO DA ALTA NOROESTE DE SÃO PAULO - SICREDI ALTA NOROESTE SP",11
26408187,"COOPERATIVA DE CRÉDITO POUPANÇA E INVESTIMENTO PANTANAL DO MATO GROSSO DO SUL - SICREDI PANTANAL MS",11
44469161,"COOPERATIVA DE CRÉDITO PRO",11
87510475,"COOPERATIVA DE CRÉDITO ROTA DAS TERRAS - SICREDI ROTA DAS TERRAS RS/MG",28
44373041,"COOPERATIVA DE CRÉDITO RURAL - CREDICANA",1
76461557,"COOPERATIVA DE CRÉDITO RURAL COOPAVEL",2
1073966,"COOPERATIVA DE CRÉDITO RURAL DE ABELARDO LUZ - SULCREDI/CREDILUZ",16
71207740,"COOPERATIVA DE CRÉDITO RURAL DE IRAÍ DE MINAS LTDA -SICOOB CREDIMIL",0
8482873,"COOPERATIVA DE CRÉDITO RURAL DO AGRESTE ALAGOANO - COOPERAGRE",0
49654502,"COOPERATIVA DE CRÉDITO RURAL DOS FORNECEDORES DE CANA DA REGIÃO DE CATANDUVA-COFOCRED",0
52623311,"COOPERATIVA DE CRÉDITO RURAL DOS PLANTADORES DE CANA DA REGIÃO DE IGARAPAVA",0
12272183,"COOPERATIVA DE CRÉDITO RURAL DOS PLANTADORES DE CANA DE ALAGOAS",0
2904138,"COOPERATIVA DE CRÉDITO RURAL E ECONOMIA COM INTERAÇÃO SOLIDÁRIA DE ÁUREA - CRESOL ÁUREA",4
5241145,"COOPERATIVA DE CRÉDITO RURAL E ECONOMIA COM INTERAÇÃO SOLIDÁRIA DE GETÚLIO VARGAS - CRESOL GETÚLIO VARGAS",9
71154256,"COOPERATIVA DE CRÉDITO SACRAMENTO LTDA - SICOOB SACRAMENTO",7
4013172,"COOPERATIVA DE CRÉDITO SICOOB 3 COLINAS",11
6174009,"COOPERATIVA DE CRÉDITO SICOOB ALIANÇA",33
7097064,"COOPERATIVA DE CRÉDITO SICOOB CONFIANÇA",10
4174720,"COOPERATIVA DE CRÉDITO SICOOB COOPEMAR LTDA",9
62673470,"COOPERATIVA DE CRÉDITO SICOOB COOPMIL",24
1205736,"COOPERATIVA DE CRÉDITO SICOOB COSTA DO DESCOBRIMENTO LTDA.",9
2528151,"COOPERATIVA DE CRÉDITO SICOOB CREDCOOP LTDA.",4
4529074,"COOPERATIVA DE CRÉDITO SICOOB CREDICAPITAL",29
3535065,"COOPERATIVA DE CRÉDITO SICOOB CREDMETAL",3
2935307,"COOPERATIVA DE CRÉDITO SICOOB CREDSEGURO LTDA.",11
4388688,"COOPERATIVA DE CRÉDITO SICOOB ENGECRED LTDA.",13
2447120,"COOPERATIVA DE CRÉDITO SICOOB EXTREMO SUL LTDA.",11
24610065,"COOPERATIVA DE CRÉDITO SICOOB IPÊ - SICOOB IPÊ",2
71506513,"COOPERATIVA DE CRÉDITO SICOOB ITAPAGIPE LTDA - SICOOB ITAPAGIPE",4
3459850,"COOPERATIVA DE CRÉDITO SICOOB METROPOLITANO",96
7318874,"COOPERATIVA DE CRÉDITO SICOOB MÉDIO OESTE",9
2876918,"COOPERATIVA DE CRÉDITO SICOOB NORTE SUL LTDA",9
5582619,"COOPERATIVA DE CRÉDITO SICOOB OURO VERDE",61
5241619,"COOPERATIVA DE CRÉDITO SICOOB PRIMAVERA - SICOOB PRIMAVERA",35
2057584,"COOPERATIVA DE CRÉDITO SICOOB SERTÃO LTDA",22
86389236,"COOPERATIVA DE CRÉDITO SICOOB UNI SUDESTE",31
37554441,"COOPERATIVA DE CRÉDITO SICOOB UNI SUL MS",5
2466552,"COOPERATIVA DE CRÉDITO SICOOB VALE SUL",46
9343038,"COOPERATIVA DE CRÉDITO SICREDI ALTO SERTÃO PARAIBANO - SICREDI ALTO SERTÃO PARAIBANO",7
90608712,"COOPERATIVA DE CRÉDITO SICREDI SERRANA RS/ES",52
5888589,"COOPERATIVA DE CRÉDITO SUL - SICOOB SUL",39
32467086,"COOPERATIVA DE CRÉDITO SUL DO ESPÍRITO SANTO - SICOOB SUL",41
32474884,"COOPERATIVA DE CRÉDITO SUL-LITORÂNEA DO ESPÍRITO SANTO",17
815319,"COOPERATIVA DE CRÉDITO SUL-SERRANA DO ESPÍRITO SANTO",41
26178111,"COOPERATIVA DE CRÉDITO UNIÃO CENTRO OESTE LTDA. - SICOOB UNIÃO CENTRO OESTE",15
65239402,"COOPERATIVA DE CRÉDITO UNIÃO DO CENTRO OESTE DE MINAS LTDA. - SICOOB CENTRO UNIÃO",10
71163315,"COOPERATIVA DE CRÉDITO UNICRED AMPLA LTDA - UNICRED AMPLA",6
75847,"COOPERATIVA DE CRÉDITO UNICRED CENTRO-SUL LTDA - UNICRED CENTRO-SUL",19
4355489,"COOPERATIVA DE CRÉDITO UNICRED COOMARCA LTDA. - COOMARCA",2
1039011,"COOPERATIVA DE CRÉDITO UNICRED DESBRAVADORA LTDA - UNICRED DESBRAVADORA",21
1727929,"COOPERATIVA DE CRÉDITO UNICRED EVOLUÇÃO LTDA. - UNICRED EVOLUÇÃO",32
74114042,"COOPERATIVA DE CRÉDITO UNICRED UNIÃO LTDA - UNICRED UNIÃO",26
73443863,"COOPERATIVA DE CRÉDITO UNICRED VALE LTDA - UNICRED VALE",17
74064502,"COOPERATIVA DE CRÉDITO UNICRED VALOR CAPITAL LTDA - UNICRED VALOR CAPITAL",21
1572667,"COOPERATIVA DE CRÉDITO UNIPRIME SUL",6
73647935,"COOPERATIVA DE CRÉDITO UNIQUE BR",18
707903,"COOPERATIVA DE CRÉDITO VALE DO CANOAS - SICOOB/SC CREDICANOAS",5
4853988,"COOPERATIVA DE CRÉDITO, POUPANÇA E INVESTIMENTO BANDEIRANTES - SICREDI BANDEIRANTES SP",8
87900601,"COOPERATIVA DE CRÉDITO, POUPANÇA E INVESTIMENTO BOTUCARAÍ - SICREDI BOTUCARAÍ RS/MG",30
95213211,"COOPERATIVA DE CRÉDITO, POUPANÇA E INVESTIMENTO CAMINHO DAS ÁGUAS RS - SICREDI CAMINHO DAS ÁGUAS RS",26
81466286,"COOPERATIVA DE CRÉDITO, POUPANÇA E INVESTIMENTO CAMPOS GERAIS E GRANDE CURITIBA - SICREDI CAMPOS GERAIS E GRANDE CURITIBA PR/SP",51
3566655,"COOPERATIVA DE CRÉDITO, POUPANÇA E INVESTIMENTO CELEIRO CENTRO OESTE - SICREDI CELEIRO CENTRO OESTE",34
87067757,"COOPERATIVA DE CRÉDITO, POUPANÇA E INVESTIMENTO CENTRO SERRA - SICREDI CENTRO SERRA RS",15
78907607,"COOPERATIVA DE CRÉDITO, POUPANÇA E INVESTIMENTO CENTRO SUL - SICREDI CENTRO SUL PR/SC/RJ",37
87733770,"COOPERATIVA DE CRÉDITO, POUPANÇA E INVESTIMENTO CONEXÃO - SICREDI CONEXÃO",65
89049738,"COOPERATIVA DE CRÉDITO, POUPANÇA E INVESTIMENTO CONFIANÇA - SICREDI CONFIANÇA",24
19962468,"COOPERATIVA DE CRÉDITO, POUPANÇA E INVESTIMENTO DA ADVOCACIA E SERVENTUÁRIOS DO PODER JUDICIÁRIO NO ESTADO DO RIO GRANDE DO SUL - SICREDI COOABCRED RS",1
92555150,"COOPERATIVA DE CRÉDITO, POUPANÇA E INVESTIMENTO DA REGIÃO ALTOS DA SERRA - SICREDI ALTOS DA SERRA RS/SC",39
4463602,"COOPERATIVA DE CRÉDITO, POUPANÇA E INVESTIMENTO DA REGIÃO CENTRO OESTE PAULISTA - SICREDI CENTRO OESTE PAULISTA",25
89468565,"COOPERATIVA DE CRÉDITO, POUPANÇA E INVESTIMENTO DA REGIÃO DA PRODUÇÃO - SICREDI REGIÃO DA PRODUÇÃO RS/SC/MG",42
57647653,"COOPERATIVA DE CRÉDITO, POUPANÇA E INVESTIMENTO DA REGIÃO DAS FLORES, DAS ÁGUAS E DOS VENTOS SP - SICREDI FORÇA DOS VENTOS SP",8
89126130,"COOPERATIVA DE CRÉDITO, POUPANÇA E INVESTIMENTO DA REGIÃO DOS VALES - SICREDI REGIÃO DOS VALES RS",21
3662047,"COOPERATIVA DE CRÉDITO, POUPANÇA E INVESTIMENTO DAS CARREIRAS DO MINISTÉRIO PÚBLICO, TRIBUNAL DE CONTAS E SECRETARIA DA FAZENDA DO RIO GRANDE DO SUL - SICREDI MP RS",1
95594941,"COOPERATIVA DE CRÉDITO, POUPANÇA E INVESTIMENTO DAS REGIÕES CENTRO DO RS E MG - SICREDI REGIÃO CENTRO RS/MG",48
73113243,"COOPERATIVA DE CRÉDITO, POUPANÇA E INVESTIMENTO DE ARARAQUARA E REGIÃO - SICREDI MORADA DO SOL SP",10
3042597,"COOPERATIVA DE CRÉDITO, POUPANÇA E INVESTIMENTO DE CAMPO GRANDE E REGIÃO - SICREDI CAMPO GRANDE MS",23
87900411,"COOPERATIVA DE CRÉDITO, POUPANÇA E INVESTIMENTO DE ESPUMOSO - SICREDI ESPUMOSO RS/MG",24
89990501,"COOPERATIVA DE CRÉDITO, POUPANÇA E INVESTIMENTO DE IBIRAIARAS - SICREDI IBIRAIARAS RS/MG",40
91159764,"COOPERATIVA DE CRÉDITO, POUPANÇA E INVESTIMENTO DE LAJEADO - SICREDI INTEGRAÇÃO RS/MG",35
79342069,"COOPERATIVA DE CRÉDITO, POUPANÇA E INVESTIMENTO DEXIS - SICREDI DEXIS",113
33021064,"COOPERATIVA DE CRÉDITO, POUPANÇA E INVESTIMENTO DO ARAGUAIA E XINGU - SICREDI ARAXINGU",32
26408161,"COOPERATIVA DE CRÉDITO, POUPANÇA E INVESTIMENTO DO CENTRO SUL DO MATO GROSSO DO SUL E BAHIA - SICREDI CENTRO-SUL MS/BA",52
6332931,"COOPERATIVA DE CRÉDITO, POUPANÇA E INVESTIMENTO DO CERRADO DE GOIÁS - SICREDI CERRADO GO",29
33022690,"COOPERATIVA DE CRÉDITO, POUPANÇA E INVESTIMENTO DO NOROESTE DE MATO GROSSO, ACRE E AMAZONAS - SICREDI BIOMAS",36
3065046,"COOPERATIVA DE CRÉDITO, POUPANÇA E INVESTIMENTO DO NOROESTE DO ESTADO DE SÃO PAULO - SICREDI NOROESTE SP",17
2843443,"COOPERATIVA DE CRÉDITO, POUPANÇA E INVESTIMENTO DO NORTE E NORDESTE DE SANTA CATARINA - SICREDI NORTE SC",41
10736214,"COOPERATIVA DE CRÉDITO, POUPANÇA E INVESTIMENTO DO PLANALTO CENTRAL - SICREDI PLANALTO CENTRAL",36
70038237,"COOPERATIVA DE CRÉDITO, POUPANÇA E INVESTIMENTO DO RIO GRANDE DO NORTE - SICREDI RIO GRANDE DO NORTE",11
8041950,"COOPERATIVA DE CRÉDITO, POUPANÇA E INVESTIMENTO DO SISTEMA DE JUSTIÇA NO ESTADO DO CEARÁ - SICREDI COOPERJURIS",2
32995755,"COOPERATIVA DE CRÉDITO, POUPANÇA E INVESTIMENTO DO SUDOESTE MT/PA - SICREDI SUDOESTE MT/PA",97
3793242,"COOPERATIVA DE CRÉDITO, POUPANÇA E INVESTIMENTO DO SUL DO ESTADO DE SANTA CATARINA - SICREDI SUL SC",28
95424891,"COOPERATIVA DE CRÉDITO, POUPANÇA E INVESTIMENTO DO VALE DO RIO PARDO - SICREDI VALE DO RIO PARDO RS",15
6078926,"COOPERATIVA DE CRÉDITO, POUPANÇA E INVESTIMENTO DOS ESCRIVÃES, NOTÁRIOS E REGISTRADORES NO ESTADO DO PARANÁ - SICREDI CREDENOREG PR",1
4886317,"COOPERATIVA DE CRÉDITO, POUPANÇA E INVESTIMENTO DOS INTEGRANTES DA MAGISTRATURA E DO MINISTÉRIO PÚBLICO NO ESTADO DO PARANÁ - SICREDI CREDJURIS",2
3750034,"COOPERATIVA DE CRÉDITO, POUPANÇA E INVESTIMENTO DOS JUÍZES E CARREIRAS PÚBLICAS DO DIREITO DO ESTADO DO RIO GRANDE DO SUL - SICREDI AJURIS RS",1
3212823,"COOPERATIVA DE CRÉDITO, POUPANÇA E INVESTIMENTO DOS MILITARES ESTADUAIS E SERVIDORES DA SEGURANÇA DO ESTADO DO RIO GRANDE DO SUL - SICREDI TRADIÇÃO RS",2
3000142,"COOPERATIVA DE CRÉDITO, POUPANÇA E INVESTIMENTO DOS POLICIAIS FEDERAIS DO RIO GRANDE DO SUL E SANTA CATARINA - SICREDI POL RS/SC",2
4525997,"COOPERATIVA DE CRÉDITO, POUPANÇA E INVESTIMENTO DOS PROFESSORES, FUNCIONÁRIOS E ALUNOS DA UNIVERSIDADE DE CAXIAS DO SUL - SICREDI EDUCAÇÃO RS",1
2924977,"COOPERATIVA DE CRÉDITO, POUPANÇA E INVESTIMENTO DOS PROFISSIONAIS MÉDICOS E DA SAÚDE DE CURITIBA E REGIÃO METROPOLITANA - SICREDI MEDICRED PR",2
7070495,"COOPERATIVA DE CRÉDITO, POUPANÇA E INVESTIMENTO EMPREENDEDORES - SICREDI EMPREENDEDORES PR",5
87733077,"COOPERATIVA DE CRÉDITO, POUPANÇA E INVESTIMENTO ESSÊNCIA RS/ES - SICREDI ESSÊNCIA",23
82527557,"COOPERATIVA DE CRÉDITO, POUPANÇA E INVESTIMENTO FRONTEIRAS DO PARANÁ, SANTA CATARINA E SÃO PAULO - SICREDI FRONTEIRAS PR/SC/SP",45
81115149,"COOPERATIVA DE CRÉDITO, POUPANÇA E INVESTIMENTO GRANDES LAGOS DO PARANÁ E LITORAL PAULISTA - SICREDI GRANDES LAGOS PR/SP",32
84974278,"COOPERATIVA DE CRÉDITO, POUPANÇA E INVESTIMENTO IGUAÇU - SICREDI IGUAÇU PR/SC E REGIÃO METROPOLITANA DE CAMPINAS/SP",36
81054686,"COOPERATIVA DE CRÉDITO, POUPANÇA E INVESTIMENTO INTEGRAÇÃO - SICREDI INTEGRAÇÃO PR/SC",27
87781530,"COOPERATIVA DE CRÉDITO, POUPANÇA E INVESTIMENTO INTEGRAÇÃO DE ESTADOS DO RIO GRANDE DO SUL, SANTA CATARINA E MINAS GERAIS - SICREDI INTEGRAÇÃO DE ESTADOS RS/SC/MG",35
26549311,"COOPERATIVA DE CRÉDITO, POUPANÇA E INVESTIMENTO INTEGRAÇÃO DO SUL DE MATO GROSSO, AMAPÁ E PARÁ - SICREDI INTEGRAÇÃO MT/AP/PA",24
90497256,"COOPERATIVA DE CRÉDITO, POUPANÇA E INVESTIMENTO INTERESTADOS - SICREDI INTERESTADOS RS/ES",39
37442605,"COOPERATIVA DE CRÉDITO, POUPANÇA E INVESTIMENTO NORTE MATO-GROSSENSE E OESTE PARAENSE - SICREDI GRANDES RIOS MT/PA/AM",50
79063574,"COOPERATIVA DE CRÉDITO, POUPANÇA E INVESTIMENTO NORTE SUL - SICREDI NORTE SUL",32
81192106,"COOPERATIVA DE CRÉDITO, POUPANÇA E INVESTIMENTO NOSSA TERRA - SICREDI NOSSA TERRA PR/SP",29
7206072,"COOPERATIVA DE CRÉDITO, POUPANÇA E INVESTIMENTO NOVOS HORIZONTES - SICREDI NOVOS HORIZONTES PR/SP/RJ",28
87853206,"COOPERATIVA DE CRÉDITO, POUPANÇA E INVESTIMENTO OURO BRANCO - SICREDI OURO BRANCO RS/MG",34
26529420,"COOPERATIVA DE CRÉDITO, POUPANÇA E INVESTIMENTO OURO VERDE DO MATO GROSSO - SICREDI OURO VERDE MT",39
79086997,"COOPERATIVA DE CRÉDITO, POUPANÇA E INVESTIMENTO PARANAPANEMA SERRANA PR/SP/RJ - SICREDI PARANAPANEMA SERRANA PR/SP/RJ",43
88038260,"COOPERATIVA DE CRÉDITO, POUPANÇA E INVESTIMENTO PLANALTO - SICREDI PLANALTO RS/MG",37
76059997,"COOPERATIVA DE CRÉDITO, POUPANÇA E INVESTIMENTO PROGRESSO - SICREDI PROGRESSO PR/SP",24
88099247,"COOPERATIVA DE CRÉDITO, POUPANÇA E INVESTIMENTO RAÍZES - SICREDI RAÍZES RS/SC/MG",44
90729369,"COOPERATIVA DE CRÉDITO, POUPANÇA E INVESTIMENTO REGIÕES DAS CULTURAS - SICREDI DAS CULTURAS RS/MG",33
81206039,"COOPERATIVA DE CRÉDITO, POUPANÇA E INVESTIMENTO RIO PARANÁ - SICREDI RIO PARANÁ",35
41255225,"COOPERATIVA DE CRÉDITO, POUPANÇA E INVESTIMENTO SICREDI CENTRO PERNAMBUCANA",11
35571249,"COOPERATIVA DE CRÉDITO, POUPANÇA E INVESTIMENTO SICREDI EVOLUÇÃO - SICREDI EVOLUÇÃO",34
97489280,"COOPERATIVA DE CRÉDITO, POUPANÇA E INVESTIMENTO SICREDI INTEGRAÇÃO BAHIA - SICREDI INTEGRAÇÃO BAHIA",6
91586982,"COOPERATIVA DE CRÉDITO, POUPANÇA E INVESTIMENTO SICREDI PIONEIRA RS - SICREDI PIONEIRA RS",56
2923389,"COOPERATIVA DE CRÉDITO, POUPANÇA E INVESTIMENTO SICREDI SERIGY - SICREDI SERIGY",9
26555235,"COOPERATIVA DE CRÉDITO, POUPANÇA E INVESTIMENTO SORRISO - SICREDI CELEIRO MT/RR",23
87784088,"COOPERATIVA DE CRÉDITO, POUPANÇA E INVESTIMENTO SUL MINAS DO RIO GRANDE DO SUL E MINAS GERAIS - SICREDI SUL MINAS RS/MG.",26
92796564,"COOPERATIVA DE CRÉDITO, POUPANÇA E INVESTIMENTO SUL RIOGRANDENSE - SICREDI ORIGENS RS",29
77984870,"COOPERATIVA DE CRÉDITO, POUPANÇA E INVESTIMENTO TERRA DOS PINHEIRAIS DO PARANÁ E NOROESTE PAULISTA - SICREDI PLANALTO DAS ÁGUAS PR/SP",28
88894548,"COOPERATIVA DE CRÉDITO, POUPANÇA E INVESTIMENTO UNIÃO - SICREDI UNIAO RS/ES",74
87780268,"COOPERATIVA DE CRÉDITO, POUPANÇA E INVESTIMENTO UNIÃO DE ESTADOS RIO GRANDE DO SUL, SANTA CATARINA E MINAS GERAIS - SICREDI UNIESTADOS",71
24654881,"COOPERATIVA DE CRÉDITO, POUPANÇA E INVESTIMENTO UNIÃO DOS ESTADOS DE MATO GROSSO DO SUL, TOCANTINS E OESTE DA BAHIA - SICREDI UNIÃO MS/TO",52
70431630,"COOPERATIVA DE CRÉDITO, POUPANÇA E INVESTIMENTO UNIVALES - SICREDI UNIVALES MT/RO",46
32983165,"COOPERATIVA DE CRÉDITO, POUPANÇA E INVESTIMENTO VALE DO CERRADO - SICREDI VALE DO CERRADO",24
87780284,"COOPERATIVA DE CRÉDITO, POUPANÇA E INVESTIMENTO VALE DO JAGUARI E ZONA DA MATA - SICREDI VALE DO JAGUARI E ZONA DA MATA RS/MG",26
81099491,"COOPERATIVA DE CRÉDITO, POUPANÇA E INVESTIMENTO VALE DO PIQUIRI ABCD - SICREDI VALE DO PIQUIRI ABCD PR/SP",97
81706616,"COOPERATIVA DE CRÉDITO, POUPANÇA E INVESTIMENTO VALOR SUSTENTÁVEL - SICREDI VALOR SUSTENTÁVEL PR/SP",22
78414067,"COOPERATIVA DE CRÉDITO, POUPANÇA E INVESTIMENTO VANGUARDA - SICREDI VANGUARDA PR/SP/RJ",99
5491616,"COOPERATIVA DE CRÉDITO, POUPANÇA E SERVIÇOS FINANCEIROS",1
1330387,"COOPERATIVA DE CRÉDITO, POUPANÇA E SERVIÇOS FINANCEIROS DE AGRICULTORES E AEROPORTUÁRIOS DO BRASIL - CREHNOR",3
2072790,"COOPERATIVA DE ECONOMIA CRÉDITO MÚTUO - SICOOB CREDSAÚDE",2
30138226,"COOPERATIVA DE ECONOMIA E CREDITO MUTUO DOS EMPREGADOS DA CIA DE ELETRICIDADE DO ESTADO DO RJ CREDICERJ LTDA",0
141155,"COOPERATIVA DE ECONOMIA E CREDITO MUTUO DOS EMPREGADOS DAS EMPRESAS DE TRANSPORTES COLETIVOS RODOVIÁRIOS DE PASSAGEIROS DO GRANDE RIO LTDA",1
89280960,"COOPERATIVA DE ECONOMIA E CREDITO MUTUO DOS EMPREGADOS DAS EMPRESAS RANDON",0
30949267,"COOPERATIVA DE ECONOMIA E CREDITO MUTUO DOS EMPREGADOS DE CHOCOLATES GAROTO LTDA. - CREDI-GAROTO",0
42107706,"COOPERATIVA DE ECONOMIA E CREDITO MUTUO DOS EMPREGADOS DE ELEVADORES ATLAS SCHINDLER LTDA.",0
31746993,"COOPERATIVA DE ECONOMIA E CREDITO MUTUO DOS EMPREGADOS DE ESTABELECIMENTOS HOSPITALARES DO SUL DO ESTADO DO ESPIRITO SANTO - SULCRED",0
2447184,"COOPERATIVA DE ECONOMIA E CREDITO MUTUO DOS EMPREGADOS DO COLEGIO SANTO INACIO - COESI",0
73631483,"COOPERATIVA DE ECONOMIA E CREDITO MUTUO DOS EMPREGADOS DO GRUPO BAYER LTDA",0
30586895,"COOPERATIVA DE ECONOMIA E CREDITO MUTUO DOS EMPREGADOS DOS LABORATORIOS B.BRAUN LTDA",0
5424088,"COOPERATIVA DE ECONOMIA E CREDITO MUTUO DOS EMPREGADOS NAS INDUSTRIAS QUIMICAS, FARMACEUTICAS E SIMILARES DA REGIAO METROPOLITANA DO RIO DE JANEIRO LTDA",0
1062439,"COOPERATIVA DE ECONOMIA E CREDITO MUTUO DOS FUNCIONARIOS DA COMIGO",1
42258376,"COOPERATIVA DE ECONOMIA E CREDITO MUTUO DOS FUNCIONARIOS DA FMC LTDA",0
5331882,"COOPERATIVA DE ECONOMIA E CREDITO MUTUO DOS FUNCIONARIOS DA GKN DO BRASIL LTDA",0
3165497,"COOPERATIVA DE ECONOMIA E CREDITO MUTUO DOS FUNCIONARIOS DA SANEPAR - CREDISANEPAR",0
2192115,"COOPERATIVA DE ECONOMIA E CREDITO MUTUO DOS FUNCIONARIOS DA VIACAO NOSSA SENHORA DO AMPARO LTDA. - COPERFAMP",0
1551820,"COOPERATIVA DE ECONOMIA E CREDITO MUTUO DOS FUNCIONARIOS DO EXPRESSO PRINCESA DOS CAMPOS",0
94433109,"COOPERATIVA DE ECONOMIA E CREDITO MUTUO DOS MEDICOS DE PORTO ALEGRE LTDA-UNICRED PORTO ALEGRE",36
2853045,"COOPERATIVA DE ECONOMIA E CREDITO MUTUO DOS MEDICOS E DEMAIS PROFISSIONAIS DA SAUDE DE JOACABA",0
90278987,"COOPERATIVA DE ECONOMIA E CREDITO MUTUO DOS SERVIDORES DA ASCAR/EMATER-RS LTDA-CRESAL",0
29341260,"COOPERATIVA DE ECONOMIA E CREDITO MUTUO DOS SERVIDORES DA COMLURB LTDA",0
42100982,"COOPERATIVA DE ECONOMIA E CREDITO MUTUO DOS SERVIDORES DA EMPRESA BRASILEIRA DE CORREIOS E TELEGRAFOS LTDA",1
28885036,"COOPERATIVA DE ECONOMIA E CREDITO MUTUO DOS SERVIDORES DA UERJ LTDA. - COOPUERJ",0
2910387,"COOPERATIVA DE ECONOMIA E CREDITO MUTUO DOS SERVIDORES DO COLEGIO PEDRO II",0
2475222,"COOPERATIVA DE ECONOMIA E CREDITO MUTUO DOS SERVIDORES ESTATUTARIOS DA ADMINISTRAÇÃO DIRETA DO ESTADO DO ESPIRITO SANTO - COOPSERVIDOR ES",0
1819799,"COOPERATIVA DE ECONOMIA E CREDITO MUTUO DOS SERVIDORES MUNICIPAIS DO SUL FLUMINENSE LTDA.",0
3990888,"COOPERATIVA DE ECONOMIA E CREDITO MUTUO DOS SERVIDORES PUBLICOS MUNICIPAIS DE PORTO ALEGRE",0
20177390,"COOPERATIVA DE ECONOMIA E CREDITO MUTUO DOS TRABALHADORES DO GRUPO EMPRESARIAL ITATIAIA LTDA. - COOPERITA",0
2850075,"COOPERATIVA DE ECONOMIA E CREDITO MUTUO DOS TRABALHADORES EM CONSELHOS DE FISCALIZACAO PROFISSIONAL NO MUNICIPIO DO RIO DE JANEIRO LTDA.",0
3844699,"COOPERATIVA DE ECONOMIA E CREDITO MUTUO DOS TRABALHADORES PORTUARIOS DA GRANDE VITORIA - CREDESTIVA.",0
33735192,"COOPERATIVA DE ECONOMIA E CREDITO MUTUO JOHN F. KENNEDY LTDA",2
5419025,"COOPERATIVA DE ECONOMIA E CREDITO MÚTUO DOS PROFESSORES ESTADUAIS DA REGIÃO METROPOLITANA DE PORTO ALEGRE - EDUCREDI",0
3862898,"COOPERATIVA DE ECONOMIA E CRÉDITO DE LIVRE ADMISSÃO DOS EMPREGADOS DOS CORREIOS LTDA. - SICOOB COOPERCORREIOS",2
5856736,"COOPERATIVA DE ECONOMIA E CRÉDITO DE LIVRE ADMISSÃO LTDA. - SICOOB EMPRESARIAL",8
2869663,"COOPERATIVA DE ECONOMIA E CRÉDITO MUTUO DOS FUNCIONÁRIOS DE INSTITUIÇÕES FINANCEIRAS PUBLICAS E PRIVADAS NO TERRITÓRIO NACIONAL - CREDBRASIL",0
5667301,"COOPERATIVA DE ECONOMIA E CRÉDITO MÚTUO - COOPERSERV",2
8071414,"COOPERATIVA DE ECONOMIA E CRÉDITO MÚTUO - SICOOB COOPERAC",7
52935442,"COOPERATIVA DE ECONOMIA E CRÉDITO MÚTUO ALIANÇA - COOPERNITRO",0
53236808,"COOPERATIVA DE ECONOMIA E CRÉDITO MÚTUO DE LIVRE ADMISSÃO DE ARARAQUARA E REGIÃO - SICOOB",6
2794761,"COOPERATIVA DE ECONOMIA E CRÉDITO MÚTUO DE LIVRE ADMISSÃO DOS SERVIDORES DA UNIVERSIDADE FEDERAL DE VIÇOSA LTDA. - SICOOB UFVCREDI",2
74244344,"COOPERATIVA DE ECONOMIA E CRÉDITO MÚTUO DO GRUPO BASF",1
94243839,"COOPERATIVA DE ECONOMIA E CRÉDITO MÚTUO DO VALE DAS ANTAS LTDA. - UNICRED PIONEIRA",4
4249235,"COOPERATIVA DE ECONOMIA E CRÉDITO MÚTUO DOS  EMPREGADOS DA TUPY MINAS GERAIS LTDA. E NEMAK ALUMÍNIO DO BRASIL LTDA.",0
16564240,"COOPERATIVA DE ECONOMIA E CRÉDITO MÚTUO DOS APOSENTADOS, PENSIONISTAS E IDOSOS - SICOOB COOPERNAPI",15
71502181,"COOPERATIVA DE ECONOMIA E CRÉDITO MÚTUO DOS BANCÁRIOS DE BELO HORIZONTE E REGIÃO METROPOLITANA LTDA. - COOPEB",0
4158581,"COOPERATIVA DE ECONOMIA E CRÉDITO MÚTUO DOS BANCÁRIOS DE JUIZ DE FORA LTDA. - COCBAN",0
71491609,"COOPERATIVA DE ECONOMIA E CRÉDITO MÚTUO DOS BANCÁRIOS DE SOROCABA E REGIÃO",0
1301541,"COOPERATIVA DE ECONOMIA E CRÉDITO MÚTUO DOS BANCÁRIOS DO TRIÂNGULO LTDA.",0
53184438,"COOPERATIVA DE ECONOMIA E CRÉDITO MÚTUO DOS COLABORADORES DA CEBRACE",2
21130869,"COOPERATIVA DE ECONOMIA E CRÉDITO MÚTUO DOS COLABORADORES DA COOPEDER LTDA - COOPCREDER",0
20961629,"COOPERATIVA DE ECONOMIA E CRÉDITO MÚTUO DOS COLABORADORES DA VALE S.A LTDA. - SICOOB CREDIVALE",0
20062766,"COOPERATIVA DE ECONOMIA E CRÉDITO MÚTUO DOS COLABORADORES DO GRUPO EMPRESARIAL A COSTA LTDA.",1
92825397,"COOPERATIVA DE ECONOMIA E CRÉDITO MÚTUO DOS ELETRICITÁRIOS E DOS TRABALHADORES DAS EMPRESAS DO SETOR DE ENERGIA - COOPCRECE",1
17314501,"COOPERATIVA DE ECONOMIA E CRÉDITO MÚTUO DOS EMPREGADOS DA AÇO MINAS GERAIS S.A. - AÇOMINAS E EMPRESAS SUBSIDIÁRIAS EM OURO BRANCO LTDA. - COOPAÇO",0
21597133,"COOPERATIVA DE ECONOMIA E CRÉDITO MÚTUO DOS EMPREGADOS DA BECTON DICKINSON INDÚSTRIAS CIRÚRGICAS LTDA., LTDA.",0
18140913,"COOPERATIVA DE ECONOMIA E CRÉDITO MÚTUO DOS EMPREGADOS DA CBMM LTDA.",1
17502881,"COOPERATIVA DE ECONOMIA E CRÉDITO MÚTUO DOS EMPREGADOS DA CEMIG E DAS INDÚSTRIAS METALÚRGICAS E DE MATERIAL ELÉTRICO E DOS SERVIDORES PÚBLICOS MUNICIPAIS DE JUIZ DE FORA LTDA. - SICOOB CECREMEC",0
8850613,"COOPERATIVA DE ECONOMIA E CRÉDITO MÚTUO DOS EMPREGADOS DA CENTRAIS ELÉTRICAS DE SANTA CATARINA - CREDELESC",5
30304919,"COOPERATIVA DE ECONOMIA E CRÉDITO MÚTUO DOS EMPREGADOS DA CNC, SESC E SENAC ADMINISTRAÇÕES NACIONAIS LTDA.",0
54335401,"COOPERATIVA DE ECONOMIA E CRÉDITO MÚTUO DOS EMPREGADOS DA COMPANHIA BRASILEIRA DE ALUMÍNIO",0
59305565,"COOPERATIVA DE ECONOMIA E CRÉDITO MÚTUO DOS EMPREGADOS DA CONFAB",0
73077398,"COOPERATIVA DE ECONOMIA E CRÉDITO MÚTUO DOS EMPREGADOS DA EATON",0
3400651,"COOPERATIVA DE ECONOMIA E CRÉDITO MÚTUO DOS EMPREGADOS DA EMPRESA SUPERMERCADOS JAU SERVE - COOPERJS",0
2738981,"COOPERATIVA DE ECONOMIA E CRÉDITO MÚTUO DOS EMPREGADOS DA FUNDAÇÃO ARTHUR BERNARDES LTDA. - COOFAB",0
18340695,"COOPERATIVA DE ECONOMIA E CRÉDITO MÚTUO DOS EMPREGADOS DA INDÚSTRIA DE PAPÉIS SUDESTE LTDA . - CREDESTE",0
45691128,"COOPERATIVA DE ECONOMIA E CRÉDITO MÚTUO DOS EMPREGADOS DA JOHNSON & JOHNSON",0
28244622,"COOPERATIVA DE ECONOMIA E CRÉDITO MÚTUO DOS EMPREGADOS DA JOLIMODE ROUPAS E EMPRESAS COLIGADAS LTDA",0
47944277,"COOPERATIVA DE ECONOMIA E CRÉDITO MÚTUO DOS EMPREGADOS DA JOYSON SAFETY SYSTEMS - COOPERJSS",0
913314,"COOPERATIVA DE ECONOMIA E CRÉDITO MÚTUO DOS EMPREGADOS DA MAGNESITA REFRATÁRIOS S.A. LTDA. - CECREM",0
62795257,"COOPERATIVA DE ECONOMIA E CRÉDITO MÚTUO DOS EMPREGADOS DA MONDELEZ BRASIL E PHILIP MORRIS BRASIL - SICOOB COOPMOND",0
17607375,"COOPERATIVA DE ECONOMIA E CRÉDITO MÚTUO DOS EMPREGADOS DA MOSAIC FERTILIZANTES DE UBERABA - COPERURA LTDA.",0
968834,"COOPERATIVA DE ECONOMIA E CRÉDITO MÚTUO DOS EMPREGADOS DA MOSAIC FERTILIZANTES DO BRASIL - COCRESGO LTDA.",0
57545436,"COOPERATIVA DE ECONOMIA E CRÉDITO MÚTUO DOS EMPREGADOS DA NOVELIS",0
42445122,"COOPERATIVA DE ECONOMIA E CRÉDITO MÚTUO DOS EMPREGADOS DA PONTIFÍCIA UNIVERSIDADE CATÓLICA DO RIO DE JANEIRO E EMPREGADOS EM ESTABELECIMENTOS PRIVADOS DE ENSINO DO MUNICÍPIO DO RIO DE JANEIRO LTDA.",1
67031757,"COOPERATIVA DE ECONOMIA E CRÉDITO MÚTUO DOS EMPREGADOS DA PRODAM/SP - CREDIPRODAM",0
88043187,"COOPERATIVA DE ECONOMIA E CRÉDITO MÚTUO DOS EMPREGADOS DA PROLEC GE BRASIL TRANSMISSÃO DE ENERGIA S.A.",0
44223196,"COOPERATIVA DE ECONOMIA E CRÉDITO MÚTUO DOS EMPREGADOS DA RECKITT BENCKISER",0
48140925,"COOPERATIVA DE ECONOMIA E CRÉDITO MÚTUO DOS EMPREGADOS DA SAINT-GOBAIN DO BRASIL PRODUTOS INDUSTRIAIS E PARA CONSTRUÇÃO - DIVISÃO VIDRO PLANO",0
20622809,"COOPERATIVA DE ECONOMIA E CRÉDITO MÚTUO DOS EMPREGADOS DA SAMARCO MINERAÇÃO S.A. LTDA - CREDISAM",0
2588819,"COOPERATIVA DE ECONOMIA E CRÉDITO MÚTUO DOS EMPREGADOS DA UNIÃO MARISTA DO BRASIL E SUAS ASSOCIADAS, PROVÍNCIA MARISTA BRASIL CENTRO-NORTE E UNIÃO BRASILEIRA DE EDUCAÇÃO CATÓLICA.",0
3685335,"COOPERATIVA DE ECONOMIA E CRÉDITO MÚTUO DOS EMPREGADOS DA UNIFI - CREDIUNIFI",0
68969625,"COOPERATIVA DE ECONOMIA E CRÉDITO MÚTUO DOS EMPREGADOS DAS EMPRESAS CONTROLADAS E COLIGADAS DA USINA SANTA ADELIA - USAGRO",0
68314921,"COOPERATIVA DE ECONOMIA E CRÉDITO MÚTUO DOS EMPREGADOS DAS EMPRESAS DE DIVERSÕES DO ESTADO DE SÃO PAULO",0
57563728,"COOPERATIVA DE ECONOMIA E CRÉDITO MÚTUO DOS EMPREGADOS DAS EMPRESAS DO GRUPO ECONÔMICO RHODIA - CREDIRHODIA",1
53505681,"COOPERATIVA DE ECONOMIA E CRÉDITO MÚTUO DOS EMPREGADOS DAS EMPRESAS METALÚRGICAS DE MATÃO - METALCOOPERCRED",0
17411307,"COOPERATIVA DE ECONOMIA E CRÉDITO MÚTUO DOS EMPREGADOS DAS EMPRESAS PLASCAR",0
24235459,"COOPERATIVA DE ECONOMIA E CRÉDITO MÚTUO DOS EMPREGADOS DAS EMPRESAS SIDERÚRGICAS, METALÚRGICAS E ELETRO-MECÂNICAS DE JOÃO MONLEVADE LTDA. - CREDIBELGO",0
129753,"COOPERATIVA DE ECONOMIA E CRÉDITO MÚTUO DOS EMPREGADOS DAS EMPRESAS SOMART LTDA.",0
53272365,"COOPERATIVA DE ECONOMIA E CRÉDITO MÚTUO DOS EMPREGADOS DAS INDÚSTRIAS UNILEVER DO BRASIL",0
33370115,"COOPERATIVA DE ECONOMIA E CRÉDITO MÚTUO DOS EMPREGADOS DE FURNAS E DAS DEMAIS EMPRESAS DO SISTEMA ELETROBRÁS LTDA. - SICOOB CECREMEF",15
2230138,"COOPERATIVA DE ECONOMIA E CRÉDITO MÚTUO DOS EMPREGADOS DE KYN COMÉRCIO VAREJISTA E ATACADISTA - COOPER KYN",0
92935741,"COOPERATIVA DE ECONOMIA E CRÉDITO MÚTUO DOS EMPREGADOS DO BANRISUL",0
2024442,"COOPERATIVA DE ECONOMIA E CRÉDITO MÚTUO DOS EMPREGADOS DO GRUPO COLORADO",0
43488782,"COOPERATIVA DE ECONOMIA E CRÉDITO MÚTUO DOS EMPREGADOS DO GRUPO FEMSA BRASIL",0
88183173,"COOPERATIVA DE ECONOMIA E CRÉDITO MÚTUO DOS EMPREGADOS DO GRUPO PARAMOUNT",0
2232228,"COOPERATIVA DE ECONOMIA E CRÉDITO MÚTUO DOS EMPREGADOS DO GRUPO SBF LTDA. - COOPER ATIVA SBF",0
62284385,"COOPERATIVA DE ECONOMIA E CRÉDITO MÚTUO DOS EMPREGADOS DO GRUPO SCHAEFFLER",0
57598120,"COOPERATIVA DE ECONOMIA E CRÉDITO MÚTUO DOS EMPREGADOS DO GRUPO TELEFÔNICA",0
5658367,"COOPERATIVA DE ECONOMIA E CRÉDITO MÚTUO DOS EMPREGADOS DO SEBRAE BAHIA LTDA.",0
92675578,"COOPERATIVA DE ECONOMIA E CRÉDITO MÚTUO DOS EMPREGADOS DO SISTEMA FIERGS - CRESUL",0
9579249,"COOPERATIVA DE ECONOMIA E CRÉDITO MÚTUO DOS EMPRESÁRIOS DE AMERICANA, LIMEIRA E REGIÃO - SICOOB ACICRED",7
5841967,"COOPERATIVA DE ECONOMIA E CRÉDITO MÚTUO DOS FABRICANTES DE CALÇADOS DE SAPIRANGA LTDA.",0
45068632,"COOPERATIVA DE ECONOMIA E CRÉDITO MÚTUO DOS FUNCIONÁRIOS DA ACUMENT BRASIL",0
41146382,"COOPERATIVA DE ECONOMIA E CRÉDITO MÚTUO DOS FUNCIONÁRIOS DA ASSEMBLÉIA LEGISLATIVA DO ESTADO DA PARAÍBA LTDA. -  COOPERLEGIS",0
1288797,"COOPERATIVA DE ECONOMIA E CRÉDITO MÚTUO DOS FUNCIONÁRIOS DA ASTRAZENECA DO BRASIL",0
57038408,"COOPERATIVA DE ECONOMIA E CRÉDITO MÚTUO DOS FUNCIONÁRIOS DA BOMBRIL",0
68228006,"COOPERATIVA DE ECONOMIA E CRÉDITO MÚTUO DOS FUNCIONÁRIOS DA CARGILL",0
43438662,"COOPERATIVA DE ECONOMIA E CRÉDITO MÚTUO DOS FUNCIONÁRIOS DA EDUCAÇÃO E COMUNICAÇÃO",0
45045671,"COOPERATIVA DE ECONOMIA E CRÉDITO MÚTUO DOS FUNCIONÁRIOS DA ELGIN",0
48718183,"COOPERATIVA DE ECONOMIA E CRÉDITO MÚTUO DOS FUNCIONÁRIOS DA ERICSSON - COOPERICSSON",0
57259525,"COOPERATIVA DE ECONOMIA E CRÉDITO MÚTUO DOS FUNCIONÁRIOS DA FACULDADE DE CIÊNCIAS AGRÁRIAS E VETERINÁRIAS - CAMPUS DE JABOTICABAL/SP - COOPERFAC",0
1997612,"COOPERATIVA DE ECONOMIA E CRÉDITO MÚTUO DOS FUNCIONÁRIOS DA FUNDAÇÃO ZERBINI E DA FUNDAÇÃO FACULDADE DE MEDICINA (FFM) - COOPINCOR",0
731320,"COOPERATIVA DE ECONOMIA E CRÉDITO MÚTUO DOS FUNCIONÁRIOS DA MORLAN - CRED MORLAN",0
9128022,"COOPERATIVA DE ECONOMIA E CRÉDITO MÚTUO DOS FUNCIONÁRIOS DA NAKATA",0
62562012,"COOPERATIVA DE ECONOMIA E CRÉDITO MÚTUO DOS FUNCIONÁRIOS DA NESTLÉ - CREDI NESTLÉ",0
48172860,"COOPERATIVA DE ECONOMIA E CRÉDITO MÚTUO DOS FUNCIONÁRIOS DA OWENS CORNING FIBERGLAS AMÉRICA DO SUL",0
16721078,"COOPERATIVA DE ECONOMIA E CRÉDITO MÚTUO DOS FUNCIONÁRIOS DA SECRETARIA DE ESTADO DA FAZENDA  DO ESTADO DE MINAS GERAIS E DE LIVRE ADMISSÃO LTDA - SICOOB COOPSEF",0
72952138,"COOPERATIVA DE ECONOMIA E CRÉDITO MÚTUO DOS FUNCIONÁRIOS DA SELENE",0
67341487,"COOPERATIVA DE ECONOMIA E CRÉDITO MÚTUO DOS FUNCIONÁRIOS DA TETRA PAK",0
57440521,"COOPERATIVA DE ECONOMIA E CRÉDITO MÚTUO DOS FUNCIONÁRIOS DA TICKET SERVIÇOS COMÉRCIO E ADMINISTRAÇÃO",0
1107759,"COOPERATIVA DE ECONOMIA E CRÉDITO MÚTUO DOS FUNCIONÁRIOS DA USINA SANTA MARIA - PILONCRED",0
53846242,"COOPERATIVA DE ECONOMIA E CRÉDITO MÚTUO DOS FUNCIONÁRIOS DA VILLARES METALS",0
2541707,"COOPERATIVA DE ECONOMIA E CRÉDITO MÚTUO DOS FUNCIONÁRIOS DAS EMPRESAS DE CERÂMICA - COOPASPACER",0
91018408,"COOPERATIVA DE ECONOMIA E CRÉDITO MÚTUO DOS FUNCIONÁRIOS DAS EMPRESAS DO GRUPO DANA - COOPDANA",0
43446335,"COOPERATIVA DE ECONOMIA E CRÉDITO MÚTUO DOS FUNCIONÁRIOS DAS EMPRESAS ITAÚ",0
1504952,"COOPERATIVA DE ECONOMIA E CRÉDITO MÚTUO DOS FUNCIONÁRIOS DAS EMPRESAS MELHORAMENTOS DE SÃO PAULO - COOPERMEL",0
52046299,"COOPERATIVA DE ECONOMIA E CRÉDITO MÚTUO DOS FUNCIONÁRIOS DO ATACADÃO",0
3219207,"COOPERATIVA DE ECONOMIA E CRÉDITO MÚTUO DOS FUNCIONÁRIOS DO BANESPA DE BOTUCATU E CIDADES LIMÍTROFES",0
71965313,"COOPERATIVA DE ECONOMIA E CRÉDITO MÚTUO DOS FUNCIONÁRIOS DO FLEURY",0
43268960,"COOPERATIVA DE ECONOMIA E CRÉDITO MÚTUO DOS FUNCIONÁRIOS DO GRUPO AVIBRAS - COOPER AVIBRAS",0
47196084,"COOPERATIVA DE ECONOMIA E CRÉDITO MÚTUO DOS FUNCIONÁRIOS DO GRUPO COMOLATTI - SÃO PAULO",0
88952130,"COOPERATIVA DE ECONOMIA E CRÉDITO MÚTUO DOS FUNCIONÁRIOS DO GRUPO GERDAU - AÇOS FINOS PIRATINI",0
5548335,"COOPERATIVA DE ECONOMIA E CRÉDITO MÚTUO DOS FUNCIONÁRIOS DO GRUPO JAL LTDA.",0
44905255,"COOPERATIVA DE ECONOMIA E CRÉDITO MÚTUO DOS FUNCIONÁRIOS DO GRUPO LORENZETTI",0
5048575,"COOPERATIVA DE ECONOMIA E CRÉDITO MÚTUO DOS FUNCIONÁRIOS DO GRUPO MAUÁ E EMPRESAS COLIGADAS LTDA. - COOPMAUÁ",0
43182278,"COOPERATIVA DE ECONOMIA E CRÉDITO MÚTUO DOS FUNCIONÁRIOS DO GRUPO OWENS-ILLINOIS DO BRASIL",0
548980,"COOPERATIVA DE ECONOMIA E CRÉDITO MÚTUO DOS FUNCIONÁRIOS DO GRUPO SUGGAR LTDA.",0
75174953,"COOPERATIVA DE ECONOMIA E CRÉDITO MÚTUO DOS FUNCIONÁRIOS DO GRUPO VOTORANTIM LIMITADA.",0
7651495,"COOPERATIVA DE ECONOMIA E CRÉDITO MÚTUO DOS FUNCIONÁRIOS DO PODER JUDICIÁRIO E SERVIDORES PÚBLICOS DO ESTADO DE SÃO PAULO - SPCRED",0
2115870,"COOPERATIVA DE ECONOMIA E CRÉDITO MÚTUO DOS FUNCIONÁRIOS PÚBLICOS MUNICIPAIS DE ITAPIRA - CREDITA",0
4694278,"COOPERATIVA DE ECONOMIA E CRÉDITO MÚTUO DOS INTEGRANTES DO MINISTÉRIO PÚBLICO E DA DEFENSORIA PÚBLICA NO ESTADO DO RIO DE JANEIRO LIMITADA. - SICOOB COMPERJ",6
51489318,"COOPERATIVA DE ECONOMIA E CRÉDITO MÚTUO DOS MAGISTRADOS DE SÃO PAULO - MAGISCRED",0
4478231,"COOPERATIVA DE ECONOMIA E CRÉDITO MÚTUO DOS MEMBROS DO MINISTÉRIO PÚBLICO DE SÃO PAULO - PROMOCRED",0
1635462,"COOPERATIVA DE ECONOMIA E CRÉDITO MÚTUO DOS MÉDICOS DOS VALES DO TAQUARI E RIO PARDO E REGIÃO DA PRODUÇÃO LTDA. - UNICRED PREMIUM",13
4572960,"COOPERATIVA DE ECONOMIA E CRÉDITO MÚTUO DOS MILITARES ESTADUAIS DE SANTA CATARINA - CREDPOM",6
26758433,"COOPERATIVA DE ECONOMIA E CRÉDITO MÚTUO DOS PETROLEIROS NO ESTADO DE MINAS GERAIS LTDA. - COPETRO",0
7714057,"COOPERATIVA DE ECONOMIA E CRÉDITO MÚTUO DOS PROFISSIONAIS DA ÁREA NOTARIAL E REGISTRAL - COOPNORE",5
69346856,"COOPERATIVA DE ECONOMIA E CRÉDITO MÚTUO DOS PROFISSIONAIS DA SAÚDE DA REGIÃO DA ALTA MOGIANA - SICOOB CREDIMOGIANA",9
96409263,"COOPERATIVA DE ECONOMIA E CRÉDITO MÚTUO DOS SERVIDORES DA FACULDADE DE ENGENHARIA DE ILHA SOLTEIRA - COOPERFEIS",0
62928320,"COOPERATIVA DE ECONOMIA E CRÉDITO MÚTUO DOS SERVIDORES DA FEDERAÇÃO DO COMÉRCIO, SESC E SENAC DE SÃO PAULO",0
19402130,"COOPERATIVA DE ECONOMIA E CRÉDITO MÚTUO DOS SERVIDORES DA FUNDAÇÃO HOSPITALAR E EMPREGADOS DOS ESTABELECIMENTOS HOSPITALARES DE BELO HORIZONTE, REGIÃO METROPOLITANA E ZONA DA MATA LTDA.- SICOOB CECREF",4
4894460,"COOPERATIVA DE ECONOMIA E CRÉDITO MÚTUO DOS SERVIDORES DA JUSTIÇA DO ESTADO DE MINAS GERAIS LTDA. - SICOOB CREDJUS",2
4152107,"COOPERATIVA DE ECONOMIA E CRÉDITO MÚTUO DOS SERVIDORES DA POLÍCIA MILITAR DO ESTADO DE SÃO PAULO DA REGIÃO CENTRO-OESTE PAULISTA - CREDMIL",0
946465,"COOPERATIVA DE ECONOMIA E CRÉDITO MÚTUO DOS SERVIDORES DA PREFEITURA MUNICIPAL DE ORLÂNDIA - CRED SERV",0
52137361,"COOPERATIVA DE ECONOMIA E CRÉDITO MÚTUO DOS SERVIDORES DA PREFEITURA MUNICIPAL DE VOTORANTIM",0
5746715,"COOPERATIVA DE ECONOMIA E CRÉDITO MÚTUO DOS SERVIDORES DA SECRETARIA DE DEFESA SOCIAL DO ESTADO DE MINAS GERAIS LTDA. - COOPSESP",0
69136075,"COOPERATIVA DE ECONOMIA E CRÉDITO MÚTUO DOS SERVIDORES DA UNESP - COOPUNESP",0
2285107,"COOPERATIVA DE ECONOMIA E CRÉDITO MÚTUO DOS SERVIDORES DA UNIVERSIDADE ESTADUAL DE CAMPINAS - COOPERUNICAMP",0
778858,"COOPERATIVA DE ECONOMIA E CRÉDITO MÚTUO DOS SERVIDORES DO DISTRITO FEDERAL LTDA. - COOSERVCRED",0
2000895,"COOPERATIVA DE ECONOMIA E CRÉDITO MÚTUO DOS SERVIDORES DO PODER JUDICIÁRIO, DO TRIBUNAL DE CONTAS ESTADUAL E DEMAIS ÓRGÃOS PÚBLICOS MUNICIPAIS, ESTADUAIS E FEDERAIS NO ESTADO DO RIO DE JANEIRO LTDA.",0
16651002,"COOPERATIVA DE ECONOMIA E CRÉDITO MÚTUO DOS SERVIDORES MUNICIPAIS DE ITABIRA LTDA. - SICOOB COSEMI",0
41791005,"COOPERATIVA DE ECONOMIA E CRÉDITO MÚTUO DOS SERVIDORES MUNICIPAIS DE POÇOS DE CALDAS LTDA. - COOPOÇOS",0
3603683,"COOPERATIVA DE ECONOMIA E CRÉDITO MÚTUO DOS SERVIDORES PÚBLICOS - SICOOB COOPERPLAN CREDSEF",1
991739,"COOPERATIVA DE ECONOMIA E CRÉDITO MÚTUO DOS SERVIDORES PÚBLICOS DA REGIÃO METROPOLITANA DE BELÉM - CREDISIS CREDBEM METROPOLITANA",0
4831810,"COOPERATIVA DE ECONOMIA E CRÉDITO MÚTUO DOS SERVIDORES PÚBLICOS DE PINHÃO - CRESERV CREDISIS",1
3139644,"COOPERATIVA DE ECONOMIA E CRÉDITO MÚTUO DOS SERVIDORES PÚBLICOS DO ESTADO DE SÃO PAULO - CREDIPAULISTA",0
3639902,"COOPERATIVA DE ECONOMIA E CRÉDITO MÚTUO DOS SERVIDORES PÚBLICOS DO PODER EXECUTIVO FEDERAL NO ESTADO DO ESPÍRITO SANTO - CREDES",0
18310649,"COOPERATIVA DE ECONOMIA E CRÉDITO MÚTUO DOS SERVIDORES PÚBLICOS MUNICIPAIS EM JOÃO MONLEVADE LTDA. - COPREMON",0
67915868,"COOPERATIVA DE ECONOMIA E CRÉDITO MÚTUO DOS TRABALHADORES DA CIA. DE PROCESSAMENTO DE DADOS DO ESTADO DE SÃO PAULO - CREDIPRODESP",0
90560434,"COOPERATIVA DE ECONOMIA E CRÉDITO MÚTUO DOS TRABALHADORES DAS INDÚSTRIAS METALÚRGICAS DE PORTO ALEGRE E GRANDE PORTO ALEGRE",0
2562412,"COOPERATIVA DE ECONOMIA E CRÉDITO MÚTUO DOS TRABALHADORES DO GRUPO SÃO MARTINHO   USICRED",0
71384697,"COOPERATIVA DE ECONOMIA E CRÉDITO MÚTUO DOS TRABALHADORES NAS INDÚSTRIAS DE EXTRAÇÃO DE FERRO E METAIS BÁSICOS DA REGIÃO DE CONGONHAS LTDA. - COOFERSE",0
2493000,"COOPERATIVA DE ECONOMIA E CRÉDITO MÚTUO NOS ESTADOS DE ALAGOAS, SERGIPE E BAHIA - SICOOB LESTE",8
5591437,"COOPERATIVA DE ECONOMIA E CRÉDITO MÚTUO SERVIDORES PÚBLICOS ATIVOS, INATIVOS E PENSIONISTAS DA ADMINISTRAÇÃO DIRETA, INDIRETA E ASSEMBLÉIA LEGISLATIVA DO ESTADO DO RIO GRANDE SUL - COOPSERGS",0
9004796,"COOPERATIVA DE ECONOMIA E CRÉDITO MÚTUO SICOOB CRED-ACILPA",2
4833655,"COOPERATIVA DE ECONOMIA E CRÉDITO MÚTUO SICOOB METALCRED",6
4445917,"COOPERATIVA DE ECONOMIA E CRÉDITO MÚTUO UNICRED COALIZÃO LTDA - UNICRED COALIZÃO",14
95163002,"COOPERATIVA DE ECONOMIA E CRÉDITO MÚTUO UNICRED ELEVA LTDA.",19
1526924,"COOPERATIVA DE ECONOMIA E CRÉDITO MÚTUO UNICRED HORIZONTES LTDA - UNICRED HORIZONTES",3
73750424,"COOPERATIVA DE ECONOMIA E CRÉDITO MÚTUO UNICRED INTEGRAÇÃO LTDA.",22
2641032,"COOPERATIVA DE ECONOMIA E CRÉDITO MÚTUO UNICRED PONTO CAPITAL - UNICRED PONTO CAPITAL.",16
1705236,"COOPERATIVA DE ECONOMIA E CRÉDITO MÚTUO UNICRED PROSPERAR LTDA. - UNICRED PROSPERAR",5
59620708,"COOPERATIVA DE ECONOMIA E CRÉDÍTO MÚTUO DOS FUNCIONÁRIOS DA MWM TUPY DO BRASIL",0
25606237,"COOPERATIVA DE POUPANÇA E CRÉDITO DO VALE DO RIO DOCE LTDA - SICOOB CREDIRIODOCE",57
97259253,"COOPERATIVA E ECONOMIA E CRÉDITO MÚTUO DOS MÉDICOS DO PLANALTO MÉDIO DO RIO GRANDE DO SUL LTDA. - CREDISIS/CREDIPLAN",4
27171974,"COOPERÁGUIA - COOPERATIVA DE ECONOMIA E CRÉDITO MÚTUO DOS EMPREGADOS DO GRUPO ÁGUIA BRANCA",0
1658426,"COOPERFORTE COOPERATIVA DE CRÉDITO E INVESTIMENTOS LTDA",3
4995006,"COOPESTADO - COOPERATIVA DE ECONOMIA E CRÉDITO MÚTUO DOS SERVIDORES PÚBLICOS NA REGIÃO METROPOLITANA DO ESTADO DO RIO DE JANEIRO LIMITADA",0
41219353,"COOPSEBRAE - COOPERATIVA DE CREDITO MUTUO DOS EMPREGADOS DO SEBRAE/PB, SEBRAE/RN, SESC/PB, SENAC/PB E SENAR/PB",0
2723075,"COOPSERJ - COOPERATIVA DE CRÉDITO MÚTUO DOS SERVIDORES PÚBLICOS DO PODER EXECUTIVO DO ESTADO DO RIO DE JANEIRO LTDA.",0
58022195,"COPERCRED - COOPERATIVA DE ECONOMIA E CRÉDITO MÚTUO DOS EMPREGADOS DAS EMPRESAS ZILLO LORENZETTI",2
23241540,"CREBEL - COOPERATIVA DE ECONOMIA E CRÉDITO MÚTUO DOS COLABORADORES DAS EMPRESAS BELGO BEKAERT - CREBEL LTDA.",0
82096447,"CREDI&GENTE - COOPERATIVA DE CRÉDITO E INVESTIMENTOS",17
78157146,"CREDIALIANÇA COOPERATIVA DE CRÉDITO RURAL",13
81723108,"CREDICOAMO CREDITO RURAL COOPERATIVA",51
62109566,"CREDISAN COOPERATIVA DE CRÉDITO",15
4632856,"CREDISIS - CENTRAL DE COOPERATIVAS DE CRÉDITO LTDA.",0
5439425,"CREDISIS CAPITALCREDI - COOPERATIVA DE CRÉDITO DE LIVRE ADMISSÃO DO ACRE LTDA",2
83325811,"CREDISIS COOPERUFPA - COOPERATIVA DE ECONOMIA E CRÉDITO MÚTUO DOS SERVIDORES PÚBLICOS FEDERAIS E ESTADUAIS E DAS ENTIDADES DE ENSINO COM SEUS RESPECTIVOS FUNCIONÁRIOS NO ESTADO DO PARÁ",0
6975532,"CREDISIS COOPESA - COOPERATIVA DE ECONOMIA E CRÉDITO",0
3222753,"CREDISIS CREDIARI - COOPERATIVA DE CRÉDITO LTDA.",19
5597773,"CREDISIS CREDIBRÁS COOPERATIVA DE CRÉDITO E INVESTIMENTO DE LIVRE ADMISSÃO DO OESTE DE RONDÔNIA",2
2309070,"CREDISIS JICRED - COOPERATIVA DE CRÉDITO DE LIVRE ADMISSÃO JICRED",25
4985665,"CREDISIS OESTE - COOPERATIVA DE CRÉDITO E INVESTIMENTO DO OESTE",0
26563270,"CREDISIS PRIMACREDI COOPERATIVA DE CRÉDITO",9
3985375,"CREDISIS SUDOESTE/RO - COOPERATIVA DE CRÉDITO E INVESTIMENTO DO SUDOESTE DE RONDÔNIA",5
7494300,"CREDISIS/CREDISUL COOPERATIVA DE CRÉDITO",1
4608925,"CREDJUST - COOPERATIVA DE CRÉDITO MÚTUO DOS INTEGRANTES DA JUSTIÇA DO TRABALHO DA 13- REGIÃO LTDA.",1
28145589,"CRETOVALE - COOPERATIVA DE ECONOMIA E CRÉDITO MÚTUO DOS TRABALHADORES DA VALE",1
46277273,"GPATIVA - COOPERATIVA DE ECONOMIA E CRÉDITO MÚTUO DOS EMPREGADOS DO GRUPO PÃO DE AÇÚCAR",0
2347114,"GREENCRED - COOPERATIVA DE CREDITO",2
4306351,"INDEPENDÊNCIA COOPERATIVA DE CRÉDITO E INVESTIMENTO - INDEPENDÊNCIA COOPERATIVA DE CRÉDITO",0
39343350,"LAR COOPERATIVA DE CRÉDITO - LAR CREDI",35
3575699,"MEDCRED COOPERATIVA DE CRÉDITO",0
49204605,"NOSSA TERRA COOPERATIVA DE CRÉDITO DOS EMPREGADOS DAS EMPRESAS DE AGRONEGÓCIO E AFINS",0
3973814,"SERVICOOP - COOPERATIVA DE CRÉDITO DOS SERVIDORES PÚBLICOS ESTADUAIS E MUNICIPAIS DO RIO GRANDE DO SUL",4
1559914,"SICOOB AC CREDI - COOPERATIVA DE CRÉDITO DE LIVRE ADMISSÃO DO LESTE E NORDESTE MINEIRO LTDA.",17
71328769,"SICOOB COCRED COOPERATIVA DE CRÉDITO",43
64739121,"SICOOB CRED COPERCANA COOPERATIVA DE CRÉDITO",1
42898825,"SICOOB CREDICOM - COOPERATIVA DE ECONOMIA E CREDITO MUTUO DOS MEDICOS E PROFISSIONAIS DA AREA DE SAUDE DO BRASIL LTDA.",68
47074323,"SICOOB CREDICONSUMO - COOPERATIVA DE CRÉDITO",6
37255049,"SICOOB CREDIGOIÁS COOPERATIVA DE CRÉDITO LTDA.",0
71336432,"SICOOB CREDIMED - COOPERATIVA DE CRÉDITO DE LIVRE ADMISSÃO DA CIDADE DE UBERABA LTDA.",0
2031139,"SICOOB CREDIMONTES - COOPERATIVA DE CRÉDITO DE LIVRE ADMISSÃO REGIONAL DE MONTES CLAROS LTDA",4
1667766,"SICOOB CREDINOVA - COOPERATIVA DE CRÉDITO DE LIVRE ADMISSÃO DE NOVA SERRANA E REGIÃO CENTRO-OESTE LTDA.",10
54190525,"SICOOB CRESSEM - COOPERATIVA DE ECNONOMIA E CRÉDITO MUTUO DOS SERVIDORES MUNICIPAIS DA REGIÃO METROPOLITANA DO VALE DO PARAIBA E LITORAL NORTE",16
71698674,"SICOOB MANTIQUEIRA - COOPERATIVA DE CRÉDITO DE LIVRE ADMISSÃO",36
259231,"SICOOB UNIMAIS METROPOLITANA - COOPERATIVA DE CRÉDITO DE LIVRE ADMISSÃO",25
74220948,"SICOOB UNISP - COOPERATIVA DE CRÉDITO",3
72257793,"SICREDI CEARÁ - COOPERATIVA DE CRÉDITO DO ESTADO DO CEARÁ",26
3428338,"SICREDI CREDUNI - COOPERATIVA DE ECONOMIA E CRÉDITO MÚTUO DOS SERV DAS INST PÚBLICAS DE ENSINO SUPERIOR DO ESTADO DA PARAÍBA E DAS DEMAIS INSTITUIÇÕES E ÓRGÃOS PÚBLICOS NO ESTADO DA PARAÍBA",10
83315408,"SICREDI NORTE - COOPERATIVA DE CRÉDITO",12
70241658,"SICREDI RECIFE - COOPERATIVA DE CRÉDITO, POUPANÇA E INVESTIMENTO SICREDI RECIFE",7
2398976,"SISPRIME DO BRASIL - COOPERATIVA DE CRÉDITO",50
73398646,"SOCIEDADE COOPERATIVA DE CRÉDITO COOPERE LTDA.  - SICOOB COOPERE",23
3046391,"UNIPRIME CENTRAL NACIONAL - CENTRAL NACIONAL DE COOPERATIVA DE CREDITO",1
1848322,"UNIPRIME DO IGUAÇU - COOPERATIVA DE CRÉDITO, POUPANÇA E INVESTIMENTO",21
1286361,"UNIPRIME PIONEIRA COOPERATIVA DE CRÉDITO",19
