"cnpj","nome_coop","auditorIndependente"
106180,"CENTRAL DAS COOPERATIVAS DE CRÉDITO DOS ESTADOS DE MATO GROSSO, MATO GROSSO DO SUL E DO MUNICÍPIO DE CACOAL/RO - SICOOB CENTRAL RONDON","CONFEDERACAO NACIONAL DE AUDITORIA COOPERATIVA - CNAC"
309024,"CENTRAL DAS COOPERATIVAS DE ECONOMIA E CREDITO DO ESTADO DE MINAS GERAIS LTDA. - SICOOB CENTRAL CECREMGE","AUDSERVICE AUDITORES ASSOCIADOS SOCIEDADE SIMPLES LTDA"
10398952,"CONFEDERAÇÃO NACIONAL DAS COOPERATIVAS CENTRAIS DE CRÉDITO E ECONOMIA FAMILIAR E SOLIDÁRIA - CRESOL CONFEDERAÇÃO","PRICEWATERHOUSECOOPERS AUDITORES INDEPENDENTES LTDA"
315557,"CONFEDERAÇÃO NACIONAL DAS COOPERATIVAS CENTRAIS UNICRED LTDA. - UNICRED DO BRASIL.","ERNST & YOUNG AUDITORES INDEPENDENTES S/S LTDA"
44469161,"COOPECREDI GUARIBA - COOPERATIVA DE CREDITO","MOORE PRISMA AUDITORES INDEPENDENTES"
88325113,"COOPERATIVA    DE    ECONOMIA    E    CRÉDITO   MÚTUO  MINUANO","LINEAR AUDITORES INDEPENDENTES SOCIEDADE SIMPLES"
5463212,"COOPERATIVA CENTRAL DE CRÉDITO - AILOS","DELOITTE TOUCHE TOHMATSU AUDITORES INDEPENDENTES LTDA"
1401771,"COOPERATIVA CENTRAL DE CRÉDITO COM INTERAÇÃO SOLIDÁRIA - CENTRAL CRESOL BASER","PRICEWATERHOUSECOOPERS AUDITORES INDEPENDENTES LTDA"
10013534,"COOPERATIVA CENTRAL DE CRÉDITO COM INTERAÇÃO SOLIDÁRIA - CENTRAL CRESOL NORDESTE","PRICEWATERHOUSECOOPERS AUDITORES INDEPENDENTES LTDA"
34148882,"COOPERATIVA CENTRAL DE CRÉDITO DA BAHIA LTDA - SICOOB CENTRAL BA","BAUER AUDITORES ASSOCIADOS"
25683434,"COOPERATIVA CENTRAL DE CRÉDITO DE MINAS GERAIS LTDA. - SICOOB CENTRAL CREDIMINAS","PRICEWATERHOUSECOOPERS AUDITORES INDEPENDENTES LTDA"
63917579,"COOPERATIVA CENTRAL DE CRÉDITO DO ESTADO DE SÃO PAULO - SICOOB SÃO PAULO","ERNST & YOUNG AUDITORES INDEPENDENTES S/S LTDA"
3502131,"COOPERATIVA CENTRAL DE CRÉDITO DO NORTE DO BRASIL - SICOOB NORTE","AUDICONSULT AUDITORES SS"
7202627,"COOPERATIVA CENTRAL DE CRÉDITO E ECONOMIA COM INTERAÇÃO SOLIDÁRIA - CRESOL CENTRAL BRASIL","PRICEWATERHOUSECOOPERS AUDITORES INDEPENDENTES LTDA"
21198087,"COOPERATIVA CENTRAL DE CRÉDITO E INVESTIMENTO COM INTERAÇÃO SOLIDÁRIA - CENTRAL CRESOL SICOPER","PRICEWATERHOUSECOOPERS AUDITORES INDEPENDENTES LTDA"
86774775,"COOPERATIVA CENTRAL DE CRÉDITO UNICRED CENTRAL COALIZÃO LTDA - UNICRED CENTRAL COALIZÃO","ERNST & YOUNG AUDITORES INDEPENDENTES S/S LTDA"
543968,"COOPERATIVA CENTRAL DE CRÉDITO UNICRED CONEXÃO LTDA - UNICRED CENTRAL CONEXÃO","ERNST & YOUNG AUDITORES INDEPENDENTES S/S LTDA"
1634601,"COOPERATIVA CENTRAL DE CRÉDITO UNICRED GERAÇÃO LTDA. - UNICRED CENTRAL GERAÇÃO","ERNST & YOUNG AUDITORES INDEPENDENTES S/S LTDA"
33737818,"COOPERATIVA CENTRAL DE CRÉDITO, POUPANÇA E INVESTIMENTO DE MATO GROSSO DO SUL, GOIÁS, DISTRITO FEDERAL E TOCANTINS - CENTRAL SICREDI BRASIL CENTRAL","ERNST & YOUNG AUDITORES INDEPENDENTES S/S LTDA"
33667205,"COOPERATIVA CENTRAL DE CRÉDITO, POUPANÇA E INVESTIMENTO DO CENTRO NORTE DO BRASIL - CENTRAL SICREDI CENTRO NORTE","ERNST & YOUNG AUDITORES INDEPENDENTES S/S LTDA"
70119680,"COOPERATIVA CENTRAL DE CRÉDITO, POUPANÇA E INVESTIMENTO DO NORDESTE - CENTRAL SICREDI NORDESTE","ERNST & YOUNG AUDITORES INDEPENDENTES S/S LTDA"
87437687,"COOPERATIVA CENTRAL DE CRÉDITO, POUPANÇA E INVESTIMENTO DO SUL E SUDESTE - CENTRAL SICREDI SUL/SUDESTE","ERNST & YOUNG AUDITORES INDEPENDENTES S/S LTDA"
80230774,"COOPERATIVA CENTRAL DE CRÉDITO, POUPANÇA E INVESTIMENTO DOS ESTADOS DO PARANÁ, SÃO PAULO E RIO DE JANEIRO - CENTRAL SICREDI PR/SP/RJ","ERNST & YOUNG AUDITORES INDEPENDENTES S/S LTDA"
51010858,"COOPERATIVA DE CAPITAL E EMPRÉSTIMO COOPERMULTICRED - COOPERMC","PADRAO AUDITORIA S/S"
966246,"COOPERATIVA DE CREDITO CREDICERIPA - SICOOB CREDICERIPA","MOORE PRISMA AUDITORES INDEPENDENTES"
54037916,"COOPERATIVA DE CREDITO CREDICITRUS","ERNST & YOUNG AUDITORES INDEPENDENTES S/S LTDA"
1604998,"COOPERATIVA DE CREDITO DE LIVRE ADMISSÃO DO SUL DE MINAS LTDA - SICOOB CREDIVASS","BAUER AUDITORES ASSOCIADOS"
53776852,"COOPERATIVA DE CREDITO DOS FORNECEDORES DE CANA E DEMAIS PRODUTORES RURAIS DO CENTRO DO ESTADO DE SAO PAULO - CREDICENTRO","SACHO - AUDITORES INDEPENDENTES"
27302181,"COOPERATIVA DE CREDITO DOS SERVIDORES DA UNIVERSIDADE FEDERAL DO ESPIRITO SANTO","HUGO FRANCISCO SACHO"
5410056,"COOPERATIVA DE CREDITO E ECONOMIA COM INTERAÇÃO SOLIDARIA - CRESOL LITORAL","PRICEWATERHOUSECOOPERS AUDITORES INDEPENDENTES LTDA"
9488496,"COOPERATIVA DE CREDITO E ECONOMIA COM INTERAÇÃO SOLIDARIA - CRESOL SÃO JOÃO DO SUL","PRICEWATERHOUSECOOPERS AUDITORES INDEPENDENTES LTDA"
9463721,"COOPERATIVA DE CREDITO E ECONOMIA COM INTERAÇÃO SOLIDÁRIA - CRESOL JACINTO MACHADO","PRICEWATERHOUSECOOPERS AUDITORES INDEPENDENTES LTDA"
7958405,"COOPERATIVA DE CREDITO E ECONOMIA COM INTERAÇÃO SOLIDÁRIA - CRESOL SERRA MAR","PRICEWATERHOUSECOOPERS AUDITORES INDEPENDENTES LTDA"
9330158,"COOPERATIVA DE CREDITO E ECONOMIA COM INTERAÇÃO SOLIDÁRIA - CRESOL TREZE DE MAIO","PRICEWATERHOUSECOOPERS AUDITORES INDEPENDENTES LTDA"
971300,"COOPERATIVA DE CREDITO E INVESTIMENTO COM INTERACAO SOLIDARIA PIONEIRA - CRESOL PIONEIRA","PRICEWATERHOUSECOOPERS AUDITORES INDEPENDENTES LTDA"
32422628,"COOPERATIVA DE CREDITO RURAL DE GUACUI - CREDIGUAÇUÍ","LINEAR AUDITORES INDEPENDENTES SOCIEDADE SIMPLES"
8240446,"COOPERATIVA DE CREDITO RURAL DE IBIAM - SULCREDI/IBIAM","LINEAR AUDITORES INDEPENDENTES SOCIEDADE SIMPLES"
82639451,"COOPERATIVA DE CREDITO VALE DO ITAJAI - VIACREDI","PRICEWATERHOUSECOOPERS AUDITORES INDEPENDENTES LTDA"
3612764,"COOPERATIVA DE CRÉDITO  DE FRONTEIRAS  LTDA. - SICOOB FRONTEIRAS","MAZARS AUDITORES INDEPENDENTES - SOCIEDADE SIMPLES LTDA"
5545390,"COOPERATIVA DE CRÉDITO - SICREDI COOMAMP","ERNST & YOUNG AUDITORES INDEPENDENTES S/S LTDA"
41180092,"COOPERATIVA DE CRÉDITO - SICREDI EXPANSÃO","ERNST & YOUNG AUDITORES INDEPENDENTES S/S LTDA"
70038237,"COOPERATIVA DE CRÉDITO - SICREDI RIO GRANDE DO NORTE","ERNST & YOUNG AUDITORES INDEPENDENTES S/S LTDA"
42873828,"COOPERATIVA DE CRÉDITO AGROCREDI LTDA. - SICOOB AGROCREDI","CONFEDERACAO NACIONAL DE AUDITORIA COOPERATIVA - CNAC"
21110927,"COOPERATIVA DE CRÉDITO CLÁSSICA DOS FUNCIONÁRIOS E PRESTADORES DE SERVIÇOS DAS EMPRESAS LIGADAS AO GRUPO EUCATUR LTDA. - SICOOB EUCRED","MOORE PRISMA AUDITORES INDEPENDENTES"
54401286,"COOPERATIVA DE CRÉDITO COCRE","ERNST & YOUNG AUDITORES INDEPENDENTES S/S LTDA"
44401800,"COOPERATIVA DE CRÉDITO COGEM","PADRAO AUDITORIA S/S"
53935029,"COOPERATIVA DE CRÉDITO COOCRELIVRE","ERNST & YOUNG AUDITORES INDEPENDENTES S/S LTDA"
53623781,"COOPERATIVA DE CRÉDITO COOPCRED","LUCIANO GOMES DOS SANTOS"
2814832,"COOPERATIVA DE CRÉDITO COOPHARMA","D'AGOSTINI CONSULTORIA E AUDITORIA S/S"
19449602,"COOPERATIVA DE CRÉDITO CREDCOOPER LTDA - SICOOB CREDCOOPER","BAUER AUDITORES ASSOCIADOS"
67096909,"COOPERATIVA DE CRÉDITO CREDICOCAPEC","ERNST & YOUNG AUDITORES INDEPENDENTES S/S LTDA"
38588174,"COOPERATIVA DE CRÉDITO CREDICOPE LTDA. - SICOOB CREDICOPE","COOPERAUDI AUDITORES INDEPENDENTES"
67960229,"COOPERATIVA DE CRÉDITO CREDIGUAÇU - SICOOB CREDIGUAÇU","MOORE PRISMA AUDITORES INDEPENDENTES"
1152097,"COOPERATIVA DE CRÉDITO CREDIMATA LTDA. - SICOOB CREDIMATA","BAUER AUDITORES ASSOCIADOS"
66262643,"COOPERATIVA DE CRÉDITO CREDIPEU LTDA.  - SICOOB CREDIPEU","CONFEDERACAO NACIONAL DE AUDITORIA COOPERATIVA - CNAC"
2197569,"COOPERATIVA DE CRÉDITO CREDSAOPAULO - SICOOB CREDSAOPAULO","BAUER AUDITORES ASSOCIADOS"
9512539,"COOPERATIVA DE CRÉDITO DA FOZ DO RIO ITAJAÍ AÇU - CREDIFOZ","PRICEWATERHOUSECOOPERS AUDITORES INDEPENDENTES LTDA"
2405189,"COOPERATIVA DE CRÉDITO DA GRANDE FLORIANÓPOLIS - ÚNILOS","PRICEWATERHOUSECOOPERS AUDITORES INDEPENDENTES LTDA"
10218474,"COOPERATIVA DE CRÉDITO DA REGIÃO DO CONTESTADO - CIVIA","PRICEWATERHOUSECOOPERS AUDITORES INDEPENDENTES LTDA"
9590601,"COOPERATIVA DE CRÉDITO DA SERRA CATARINENSE - CREDICOMIN","PRICEWATERHOUSECOOPERS AUDITORES INDEPENDENTES LTDA"
57987273,"COOPERATIVA DE CRÉDITO DE CAPITAL E EMPRÉSTIMO DOS EMPREGADOS CELETISTAS DE COOPERATIVAS DOS ESTADOS DE SÃO PAULO E MINAS GERAIS - COCREUNI","MOORE PRISMA AUDITORES INDEPENDENTES"
5247312,"COOPERATIVA DE CRÉDITO DE LIVRE ADMISSÃO BURITIS - SICOOB BURITIS","BAUER AUDITORES ASSOCIADOS"
10209619,"COOPERATIVA DE CRÉDITO DE LIVRE ADMISSÃO DA GRANDE GOIÂNIA LTDA.","PRICEWATERHOUSECOOPERS AUDITORES INDEPENDENTES LTDA"
71261184,"COOPERATIVA DE CRÉDITO DE LIVRE ADMISSÃO DA REGIÃO DO CAPARAÓ LTDA. - SICOOB SAÚDE","BAUER AUDITORES ASSOCIADOS"
10143743,"COOPERATIVA DE CRÉDITO DE LIVRE ADMISSÃO DE ASSOCIADOS DO SUL DO BRASIL - CREVISC","PRICEWATERHOUSECOOPERS AUDITORES INDEPENDENTES LTDA"
6910457,"COOPERATIVA DE CRÉDITO DE LIVRE ADMISSÃO DE SANTA CRUZ DAS PALMEIRAS E REGIÃO","MOORE PRISMA AUDITORES INDEPENDENTES"
2833202,"COOPERATIVA DE CRÉDITO DE LIVRE ADMISSÃO DE VITÓRIA DA CONQUISTA","ERNST & YOUNG AUDITORES INDEPENDENTES S/S LTDA"
16779741,"COOPERATIVA DE CRÉDITO DE LIVRE ADMISSÃO DO ALTO VALE DO ITAJAÍ - VIACREDI ALTO VALE","PRICEWATERHOUSECOOPERS AUDITORES INDEPENDENTES LTDA"
3326437,"COOPERATIVA DE CRÉDITO DE LIVRE ADMISSÃO DO CENTRO NORTE DOS ESTADOS DE MATO GROSSO E MATO GROSSO DO SUL - SICOOB UNIÃO MT/MS","BAUER AUDITORES ASSOCIADOS"
10319386,"COOPERATIVA DE CRÉDITO DE LIVRE ADMISSÃO DO CENTRO SUL DE MATO GROSSO DO SUL - SICOOB CENTRO SUL MS","BAUER AUDITORES ASSOCIADOS"
10262276,"COOPERATIVA DE CRÉDITO DE LIVRE ADMISSÃO DO ESTADO DE SÃO PAULO - SICOOB PAULISTA","HELIO MAZZI JUNIOR"
23623636,"COOPERATIVA DE CRÉDITO DE LIVRE ADMISSÃO DO NORTE DE MATO GROSSO - SICOOB NORTE MT","CONFEDERACAO NACIONAL DE AUDITORIA COOPERATIVA - CNAC"
3427097,"COOPERATIVA DE CRÉDITO DE LIVRE ADMISSÃO DO SUL CATARINENSE - ACENTRA","PRICEWATERHOUSECOOPERS AUDITORES INDEPENDENTES LTDA"
1637949,"COOPERATIVA DE CRÉDITO DE LIVRE ADMISSÃO DO VALE DO PARANAPANEMA","APPROACH AUDITORES INDEPENDENTES S/S"
7946216,"COOPERATIVA DE CRÉDITO DE LIVRE ADMISSÃO SICOOB UNIÃO SUDESTE","RUSSELL BEDFORD GM AUDITORES INDEPENDENTES S/S"
8742188,"COOPERATIVA DE CRÉDITO DE LIVRE ADMISSÃO UNIÃO E NEGÓCIOS - SICOOB INTEGRAÇÃO","CONFEDERACAO NACIONAL DE AUDITORIA COOPERATIVA - CNAC"
10548608,"COOPERATIVA DE CRÉDITO DE SERVIDORES DA UESC - UESCOOP","PEPPE ASSOCIADOS - CONSULTORES & AUDITORES INDEPENDENTES"
3461243,"COOPERATIVA DE CRÉDITO DO NORTE CATARINENSE - ACREDICOOP","PRICEWATERHOUSECOOPERS AUDITORES INDEPENDENTES LTDA"
4138455,"COOPERATIVA DE CRÉDITO DO RIO GRANDE DO NORTE - SICOOB RIO GRANDE DO NORTE","ERNST & YOUNG AUDITORES INDEPENDENTES S/S LTDA"
4237413,"COOPERATIVA DE CRÉDITO DO VALE DO SÃO FRANCISCO - SICREDI VALE DO SÃO FRANCISCO","ERNST & YOUNG AUDITORES INDEPENDENTES S/S LTDA"
3422007,"COOPERATIVA DE CRÉDITO DOS BANCÁRIOS DE SÃO PAULO E MUNICÍPIOS LIMÍTROFES","ANEND AUDITORES INDEPENDENTES"
62605290,"COOPERATIVA DE CRÉDITO DOS EMPREGADOS DAS EMPRESAS DO GRUPO INDORAMA NO BRASIL","CONTROL AUDITORIA E CONTABILIDADE"
43730498,"COOPERATIVA DE CRÉDITO DOS EMPREGADOS DE ELEVADORES ATLAS","PADRAO AUDITORIA S/S"
64293582,"COOPERATIVA DE CRÉDITO DOS EMPREGADOS DO GRUPO VALLOUREC NO BRASIL - COOVALL LTDA.","LINEAR AUDITORES INDEPENDENTES SOCIEDADE SIMPLES"
8075352,"COOPERATIVA DE CRÉDITO DOS EMPRESÁRIOS E EMPREGADOS DOS TRANSPORTES E CORREIOS DO SUL DO BRASIL - TRANSPOCRED","PRICEWATERHOUSECOOPERS AUDITORES INDEPENDENTES LTDA"
44746352,"COOPERATIVA DE CRÉDITO DOS FORNECEDORES DE CANA DE BARRA BONITA E REGIÃO","CONTROL AUDITORIA E CONTABILIDADE"
11356599,"COOPERATIVA DE CRÉDITO DOS FUNCIONÁRIOS DA PERPART, DO IPA E DA ADAGRO - COOPEMATER","EDUARDO AUGUSTO MELERE"
3657230,"COOPERATIVA DE CRÉDITO DOS FUNCIONÁRIOS DO GRUPO PPG","CONTROL AUDITORIA E CONTABILIDADE"
5040680,"COOPERATIVA DE CRÉDITO DOS MAGISTRADOS DO ESTADO DO RIO DE JANEIRO LTDA. - MAGICREDI-RJ","JPS-AUDITORES & CONSULTORES"
5740092,"COOPERATIVA DE CRÉDITO DOS METALÚRGICOS DO ABC - CREDABC","ANEND AUDITORES INDEPENDENTES"
8143326,"COOPERATIVA DE CRÉDITO DOS MÉDICOS E PROFISSIONAIS DE SAÚDE DE SÃO LUÍS - SICREDI SÃO LUÍS","ERNST & YOUNG AUDITORES INDEPENDENTES S/S LTDA"
71884498,"COOPERATIVA DE CRÉDITO DOS MÉDICOS, DENTISTAS, PROFISSIONAIS DA ÁREA DE SAÚDE E DE LIVRE ADMISSÃO DO ESTADO DE SÃO PAULO LTDA. - UNICRED DO ESTADO DE SÃO PAULO","ERNST & YOUNG AUDITORES INDEPENDENTES S/S LTDA"
36900256,"COOPERATIVA DE CRÉDITO DOS MÉDICOS, PROFISSIONAIS DA SAÚDE E EMPRESÁRIOS DE MATO GROSSO","ERNST & YOUNG AUDITORES INDEPENDENTES S/S LTDA"
70937271,"COOPERATIVA DE CRÉDITO DOS PROFISSIONAIS DA ÁREA DA SAÚDE E DE LIVRE ADMISSÃO LTDA - UNICRED ALIANÇA","ERNST & YOUNG AUDITORES INDEPENDENTES S/S LTDA"
71418784,"COOPERATIVA DE CRÉDITO DOS PROFISSIONAIS DA SAÚDE E LIVRE ADMISSÃO DO SUL DE MINAS LTDA. - UNICRED SUL DE MINAS","SACHO - AUDITORES INDEPENDENTES"
71432926,"COOPERATIVA DE CRÉDITO DOS PROFISSIONAIS DE SAÚDE E DE LIVRE ADMISSÃO DO TRIÂNGULO MINEIRO E SUL DE MINAS LTDA. - UNICRED PROGRESSO","ERNST & YOUNG AUDITORES INDEPENDENTES S/S LTDA"
5979692,"COOPERATIVA DE CRÉDITO DOS PROFISSIONAIS DOS CREAS E DEMAIS ÁREAS TECNOLÓGICAS - CREDCREA","PRICEWATERHOUSECOOPERS AUDITORES INDEPENDENTES LTDA"
1235921,"COOPERATIVA DE CRÉDITO DOS SERVIDORES PÚBLICOS MUNICIPAIS DA GRANDE VITÓRIA/ES","D'AGOSTINI CONSULTORIA E AUDITORIA S/S"
7412987,"COOPERATIVA DE CRÉDITO E ECONOMIA COM INTERAÇÃO SOLIDÁRIA - CRESOL ALIANÇA","PRICEWATERHOUSECOOPERS AUDITORES INDEPENDENTES LTDA"
5425526,"COOPERATIVA DE CRÉDITO E ECONOMIA COM INTERAÇÃO SOLIDÁRIA - CRESOL DESENVOLVIMENTO","PRICEWATERHOUSECOOPERS AUDITORES INDEPENDENTES LTDA"
3485130,"COOPERATIVA DE CRÉDITO E ECONOMIA COM INTERAÇÃO SOLIDÁRIA - CRESOL ENCOSTAS DA SERRA GERAL","PRICEWATERHOUSECOOPERS AUDITORES INDEPENDENTES LTDA"
5070112,"COOPERATIVA DE CRÉDITO E ECONOMIA COM INTERAÇÃO SOLIDÁRIA - CRESOL INOVAÇÃO","PRICEWATERHOUSECOOPERS AUDITORES INDEPENDENTES LTDA"
8055016,"COOPERATIVA DE CRÉDITO E ECONOMIA COM INTERAÇÃO SOLIDÁRIA - CRESOL INTERAÇÃO","PRICEWATERHOUSECOOPERS AUDITORES INDEPENDENTES LTDA"
5269976,"COOPERATIVA DE CRÉDITO E ECONOMIA COM INTERAÇÃO SOLIDÁRIA - CRESOL MAIS","PRICEWATERHOUSECOOPERS AUDITORES INDEPENDENTES LTDA"
2663426,"COOPERATIVA DE CRÉDITO E ECONOMIA COM INTERAÇÃO SOLIDÁRIA - CRESOL NOROESTE","PRICEWATERHOUSECOOPERS AUDITORES INDEPENDENTES LTDA"
7509426,"COOPERATIVA DE CRÉDITO E ECONOMIA COM INTERAÇÃO SOLIDÁRIA - CRESOL XANXERÊ","PRICEWATERHOUSECOOPERS AUDITORES INDEPENDENTES LTDA"
2844024,"COOPERATIVA DE CRÉDITO E ECONOMIA COM INTERAÇÃO SOLIDÁRIA CRESOL EVOLUÇÃO","PRICEWATERHOUSECOOPERS AUDITORES INDEPENDENTES LTDA"
7320890,"COOPERATIVA DE CRÉDITO E ECONOMIA COM INTERAÇÃO SOLIDÁRIA CRESOL VALE","PRICEWATERHOUSECOOPERS AUDITORES INDEPENDENTES LTDA"
4565791,"COOPERATIVA DE CRÉDITO E ECONOMIA COM INTERAÇÃO SOLIDÁRIA DE ARATIBA - CRESOL ARATIBA","PRICEWATERHOUSECOOPERS AUDITORES INDEPENDENTES LTDA"
2904125,"COOPERATIVA DE CRÉDITO E ECONOMIA COM INTERAÇÃO SOLIDÁRIA DE JACUTINGA - CRESOL JACUTINGA","PRICEWATERHOUSECOOPERS AUDITORES INDEPENDENTES LTDA"
3015152,"COOPERATIVA DE CRÉDITO E ECONOMIA COM INTERAÇÃO SOLIDÁRIA DE SÃO VALENTIM - CRESOL SÃO VALENTIM","PRICEWATERHOUSECOOPERS AUDITORES INDEPENDENTES LTDA"
5863726,"COOPERATIVA DE CRÉDITO E ECONOMIA COM INTERAÇÃO SOLIDÁRIA DO PLANALTO SERRA DO RIO GRANDE DO SUL - CRESOL PLANALTO SERRA","PRICEWATERHOUSECOOPERS AUDITORES INDEPENDENTES LTDA"
7215632,"COOPERATIVA DE CRÉDITO E INVESTIMENTO COM INTERAÇÃO SOLIDÁRIA ALTERNATIVA - CRESOL ALTERNATIVA","PRICEWATERHOUSECOOPERS AUDITORES INDEPENDENTES LTDA"
7465539,"COOPERATIVA DE CRÉDITO E INVESTIMENTO COM INTERAÇÃO SOLIDÁRIA ALTO VALE - CRESOL ALTO VALE","PRICEWATERHOUSECOOPERS AUDITORES INDEPENDENTES LTDA"
5211129,"COOPERATIVA DE CRÉDITO E INVESTIMENTO COM INTERAÇÃO SOLIDÁRIA CENTRO NORTE - CRESOL CENTRO NORTE","PRICEWATERHOUSECOOPERS AUDITORES INDEPENDENTES LTDA"
1155801,"COOPERATIVA DE CRÉDITO E INVESTIMENTO COM INTERAÇÃO SOLIDÁRIA CENTRO SERRA - CRESOL CENTRO SERRA","PRICEWATERHOUSECOOPERS AUDITORES INDEPENDENTES LTDA"
2910987,"COOPERATIVA DE CRÉDITO E INVESTIMENTO COM INTERAÇÃO SOLIDÁRIA CENTRO SUL RS/MS - CRESOL CENTRO SUL RS/MS","PRICEWATERHOUSECOOPERS AUDITORES INDEPENDENTES LTDA"
11969853,"COOPERATIVA DE CRÉDITO E INVESTIMENTO COM INTERAÇÃO SOLIDÁRIA CONEXÃO - CRESOL CONEXÃO","PRICEWATERHOUSECOOPERS AUDITORES INDEPENDENTES LTDA"
7252614,"COOPERATIVA DE CRÉDITO E INVESTIMENTO COM INTERAÇÃO SOLIDÁRIA CONFIANÇA - CRESOL CONFIANÇA","PRICEWATERHOUSECOOPERS AUDITORES INDEPENDENTES LTDA"
5983995,"COOPERATIVA DE CRÉDITO E INVESTIMENTO COM INTERAÇÃO SOLIDÁRIA COOPERAR - CRESOL COOPERAR","PRICEWATERHOUSECOOPERS AUDITORES INDEPENDENTES LTDA"
10520232,"COOPERATIVA DE CRÉDITO E INVESTIMENTO COM INTERAÇÃO SOLIDÁRIA DA AMAZÔNIA - CRESOL AMAZÔNIA","PRICEWATERHOUSECOOPERS AUDITORES INDEPENDENTES LTDA"
4490531,"COOPERATIVA DE CRÉDITO E INVESTIMENTO COM INTERAÇÃO SOLIDÁRIA DE GOIÁS - CRESOL GOIÁS","PRICEWATERHOUSECOOPERS AUDITORES INDEPENDENTES LTDA"
8624548,"COOPERATIVA DE CRÉDITO E INVESTIMENTO COM INTERAÇÃO SOLIDÁRIA DE MINAS GERAIS - CRESOL MINAS GERAIS","PRICEWATERHOUSECOOPERS AUDITORES INDEPENDENTES LTDA"
6139650,"COOPERATIVA DE CRÉDITO E INVESTIMENTO COM INTERAÇÃO SOLIDÁRIA DO RIO GRANDE DO SUL - CRESOL RIO GRANDE DO SUL","PRICEWATERHOUSECOOPERS AUDITORES INDEPENDENTES LTDA"
7512780,"COOPERATIVA DE CRÉDITO E INVESTIMENTO COM INTERAÇÃO SOLIDÁRIA DO VALE EUROPEU - CRESOL VALE EUROPEU","PRICEWATERHOUSECOOPERS AUDITORES INDEPENDENTES LTDA"
6031727,"COOPERATIVA DE CRÉDITO E INVESTIMENTO COM INTERAÇÃO SOLIDÁRIA ESSÊNCIA - CRESOL ESSÊNCIA","PRICEWATERHOUSECOOPERS AUDITORES INDEPENDENTES LTDA"
5276770,"COOPERATIVA DE CRÉDITO E INVESTIMENTO COM INTERAÇÃO SOLIDÁRIA FRONTEIRAS PR/SC/SP/ES - CRESOL FRONTEIRAS PR/SC/SP/ES","PRICEWATERHOUSECOOPERS AUDITORES INDEPENDENTES LTDA"
6126780,"COOPERATIVA DE CRÉDITO E INVESTIMENTO COM INTERAÇÃO SOLIDÁRIA GRANDES LAGOS PR/SP - CRESOL GRANDES LAGOS PR/SP","PRICEWATERHOUSECOOPERS AUDITORES INDEPENDENTES LTDA"
5277312,"COOPERATIVA DE CRÉDITO E INVESTIMENTO COM INTERAÇÃO SOLIDÁRIA HORIZONTE - CRESOL HORIZONTE","PRICEWATERHOUSECOOPERS AUDITORES INDEPENDENTES LTDA"
7268499,"COOPERATIVA DE CRÉDITO E INVESTIMENTO COM INTERAÇÃO SOLIDÁRIA INTEGRAÇÃO - CRESOL INTEGRAÇÃO","PRICEWATERHOUSECOOPERS AUDITORES INDEPENDENTES LTDA"
2934201,"COOPERATIVA DE CRÉDITO E INVESTIMENTO COM INTERAÇÃO SOLIDÁRIA LIDERANÇA - CRESOL LIDERANÇA","PRICEWATERHOUSECOOPERS AUDITORES INDEPENDENTES LTDA"
7946451,"COOPERATIVA DE CRÉDITO E INVESTIMENTO COM INTERAÇÃO SOLIDÁRIA MEIO OESTE - CRESOL MEIO OESTE","PRICEWATERHOUSECOOPERS AUDITORES INDEPENDENTES LTDA"
8488377,"COOPERATIVA DE CRÉDITO E INVESTIMENTO COM INTERAÇÃO SOLIDÁRIA MISSÕES FRONTEIRA RS - CRESOL MISSÕES FRONTEIRA RS","PRICEWATERHOUSECOOPERS AUDITORES INDEPENDENTES LTDA"
5494591,"COOPERATIVA DE CRÉDITO E INVESTIMENTO COM INTERAÇÃO SOLIDÁRIA NASCENTE - CRESOL NASCENTE","PRICEWATERHOUSECOOPERS AUDITORES INDEPENDENTES LTDA"
2025743,"COOPERATIVA DE CRÉDITO E INVESTIMENTO COM INTERAÇÃO SOLIDÁRIA NORDESTE - CRESOL NORDESTE","PRICEWATERHOUSECOOPERS AUDITORES INDEPENDENTES LTDA"
7925729,"COOPERATIVA DE CRÉDITO E INVESTIMENTO COM INTERAÇÃO SOLIDÁRIA NORTE PARANAENSE - CRESOL NORTE PARANAENSE","PRICEWATERHOUSECOOPERS AUDITORES INDEPENDENTES LTDA"
5220243,"COOPERATIVA DE CRÉDITO E INVESTIMENTO COM INTERAÇÃO SOLIDÁRIA ORIGENS - CRESOL ORIGENS","PRICEWATERHOUSECOOPERS AUDITORES INDEPENDENTES LTDA"
2766672,"COOPERATIVA DE CRÉDITO E INVESTIMENTO COM INTERAÇÃO SOLIDÁRIA PLANALTO SUL - CRESOL PLANALTO SUL","PRICEWATERHOUSECOOPERS AUDITORES INDEPENDENTES LTDA"
2448310,"COOPERATIVA DE CRÉDITO E INVESTIMENTO COM INTERAÇÃO SOLIDÁRIA PROGRESSO - CRESOL PROGRESSO","PRICEWATERHOUSECOOPERS AUDITORES INDEPENDENTES LTDA"
17343510,"COOPERATIVA DE CRÉDITO E INVESTIMENTO COM INTERAÇÃO SOLIDÁRIA RAIZ - CRESOL RAIZ","PRICEWATERHOUSECOOPERS AUDITORES INDEPENDENTES LTDA"
4350225,"COOPERATIVA DE CRÉDITO E INVESTIMENTO COM INTERAÇÃO SOLIDÁRIA TRADIÇÃO - CRESOL TRADIÇÃO","PRICEWATERHOUSECOOPERS AUDITORES INDEPENDENTES LTDA"
4261151,"COOPERATIVA DE CRÉDITO E INVESTIMENTO COM INTERAÇÃO SOLIDÁRIA TRANSFORMAÇÃO - CRESOL TRANSFORMAÇÃO","PRICEWATERHOUSECOOPERS AUDITORES INDEPENDENTES LTDA"
8560508,"COOPERATIVA DE CRÉDITO E INVESTIMENTO COM INTERAÇÃO SOLIDÁRIA TRIUNFO - CRESOL TRIUNFO","PRICEWATERHOUSECOOPERS AUDITORES INDEPENDENTES LTDA"
2446089,"COOPERATIVA DE CRÉDITO E INVESTIMENTO COM INTERAÇÃO SOLIDÁRIA UNIÃO - CRESOL UNIÃO","PRICEWATERHOUSECOOPERS AUDITORES INDEPENDENTES LTDA"
5231945,"COOPERATIVA DE CRÉDITO E INVESTIMENTO COM INTERAÇÃO SOLIDÁRIA UNIÃO DOS VALES - CRESOL UNIÃO DOS VALES","PRICEWATERHOUSECOOPERS AUDITORES INDEPENDENTES LTDA"
4663561,"COOPERATIVA DE CRÉDITO E INVESTIMENTO COM INTERAÇÃO SOLIDÁRIA VALE DAS ÁGUAS PR/MG - CRESOL VALE DAS ÁGUAS PR/MG","PRICEWATERHOUSECOOPERS AUDITORES INDEPENDENTES LTDA"
3965737,"COOPERATIVA DE CRÉDITO E INVESTIMENTO COM INTERAÇÃO SOLIDÁRIA VANGUARDA - CRESOL VANGUARDA","PRICEWATERHOUSECOOPERS AUDITORES INDEPENDENTES LTDA"
5097757,"COOPERATIVA DE CRÉDITO E SERVIÇOS FINANCEIROS DE CURITIBA E REGIÃO METROPOLITANA","SACHO - AUDITORES INDEPENDENTES"
10311218,"COOPERATIVA DE CRÉDITO EVOLUA","PRICEWATERHOUSECOOPERS AUDITORES INDEPENDENTES LTDA"
4414354,"COOPERATIVA DE CRÉDITO MÚTUO DO ABC - COOPER 7","CONTROL AUDITORIA E CONTABILIDADE"
8030602,"COOPERATIVA DE CRÉDITO MÚTUO DOS CORRETORES DE SEGUROS DO ESTADO DE SÃO PAULO - SICOOB CREDICOR/SP","RUSSELL BEDFORD GM AUDITORES INDEPENDENTES S/S"
46642294,"COOPERATIVA DE CRÉDITO MÚTUO DOS EMPREGADOS DA EMBRAER - COOPEREMB","D'AGOSTINI CONSULTORIA E AUDITORIA S/S"
2104058,"COOPERATIVA DE CRÉDITO MÚTUO DOS EMPREGADOS DA PILKINGTON BRASIL","PADRAO AUDITORIA S/S"
49091119,"COOPERATIVA DE CRÉDITO MÚTUO DOS EMPREGADOS DA SKF E COLIGADAS","PADRAO AUDITORIA S/S"
6369729,"COOPERATIVA DE CRÉDITO MÚTUO DOS EMPREGADOS DAS INDÚSTRIAS DO PAPEL, PAPELÃO E CORTIÇA DE OTACÍLIO COSTA, LAGES E CORREA PINTO - PAPELCREDI","ANEND AUDITORES INDEPENDENTES"
20833992,"COOPERATIVA DE CRÉDITO MÚTUO DOS EMPREGADOS DO CENTRO UNIVERSITÁRIO NEWTON PAIVA LTDA. - CREDIPAIVA","COOPERAUDI AUDITORES INDEPENDENTES"
5292849,"COOPERATIVA DE CRÉDITO MÚTUO DOS EMPREGADOS EM EMPRESAS ADMINISTRADORAS DE AEROPORTOS - AEROCRED","ANEND AUDITORES INDEPENDENTES"
3674133,"COOPERATIVA DE CRÉDITO MÚTUO DOS EMPREGADOS EM INSTITUIÇÕES DO SISTEMA FINANCEIRO NAS REGIÕES DE SÃO PAULO E CAMPINAS (SP) - CREDISCOOP","PADRAO AUDITORIA S/S"
2083914,"COOPERATIVA DE CRÉDITO MÚTUO DOS POLICIAIS FEDERAIS E SERVIDORES DA UNIÃO NO ESPÍRITO SANTO - CREDFEDERAL","D'AGOSTINI CONSULTORIA E AUDITORIA S/S"
1709266,"COOPERATIVA DE CRÉDITO MÚTUO DOS PROFISSIONAIS DA SAÚDE E LIVRE ADMISSÃO DE TEÓFILO OTONI LTDA. - UNICRED TRÊS VALES","ERNST & YOUNG AUDITORES INDEPENDENTES S/S LTDA"
53800488,"COOPERATIVA DE CRÉDITO MÚTUO DOS SERVIDORES DE ÓRGAOS GESTORES DE RECURSOS HÍDRICOS DO ESTADO DE SÃO PAULO - COOPERHIDRO","SERGIO NOBORU OUTAKA"
5969937,"COOPERATIVA DE CRÉDITO MÚTUO DOS SERVIDORES MUNICIPAIS DE BEBEDOURO - COOCRESB.","MOORE PRISMA AUDITORES INDEPENDENTES"
74248949,"COOPERATIVA DE CRÉDITO MÚTUO DOS SERVIDORES MUNICIPAIS DE SÃO JOÃO DA BOA VISTA - CREDIVISTA","MARCELINO VASCONCELOS BARROSO"
881829,"COOPERATIVA DE CRÉDITO MÚTUO DOS SERVIDORES PÚBLICOS MUNICIPAIS DE JABOTICABAL - COOPERSERV","FABRICIO KOEKE"
6942423,"COOPERATIVA DE CRÉDITO MÚTUO DOS TRABALHADORES DO SISTEMA FINANCEIRO DE CURITIBA E REGIÃO - COOPCREFI","ANEND AUDITORES INDEPENDENTES"
44373041,"COOPERATIVA DE CRÉDITO RURAL - CREDICANA","BAUER AUDITORES ASSOCIADOS"
1073966,"COOPERATIVA DE CRÉDITO RURAL DE ABELARDO LUZ - SULCREDI/CREDILUZ","LINEAR AUDITORES INDEPENDENTES SOCIEDADE SIMPLES"
1330387,"COOPERATIVA DE CRÉDITO RURAL DE PEQUENOS AGRICULTORES E DA REFORMA AGRÁRIA DO CENTRO OESTE DO PARANÁ - CREHNOR LARANJEIRAS","ANEND AUDITORES INDEPENDENTES"
8253539,"COOPERATIVA DE CRÉDITO RURAL DE SÃO MIGUEL DO OESTE - SULCREDI/SÃO MIGUEL","LINEAR AUDITORES INDEPENDENTES SOCIEDADE SIMPLES"
8482873,"COOPERATIVA DE CRÉDITO RURAL DO AGRESTE ALAGOANO - COOPERAGRE","LAURO ANGELO CERUTTI"
49654502,"COOPERATIVA DE CRÉDITO RURAL DOS FORNECEDORES DE CANA DA REGIÃO DE CATANDUVA-COFOCRED","MOORE PRISMA AUDITORES INDEPENDENTES"
52623311,"COOPERATIVA DE CRÉDITO RURAL DOS PLANTADORES DE CANA DA REGIÃO DE IGARAPAVA","PAULO SERGIO SANGIORGIO"
12272183,"COOPERATIVA DE CRÉDITO RURAL DOS PLANTADORES DE CANA DE ALAGOAS","D'AGOSTINI CONSULTORIA E AUDITORIA S/S"
2904138,"COOPERATIVA DE CRÉDITO RURAL E ECONOMIA COM INTERAÇÃO SOLIDÁRIA DE ÁUREA - CRESOL ÁUREA","PRICEWATERHOUSECOOPERS AUDITORES INDEPENDENTES LTDA"
5241145,"COOPERATIVA DE CRÉDITO RURAL E ECONOMIA COM INTERAÇÃO SOLIDÁRIA DE GETÚLIO VARGAS - CRESOL GETÚLIO VARGAS","PRICEWATERHOUSECOOPERS AUDITORES INDEPENDENTES LTDA"
4013172,"COOPERATIVA DE CRÉDITO SICOOB 3 COLINAS","MOORE PRISMA AUDITORES INDEPENDENTES"
3535065,"COOPERATIVA DE CRÉDITO SICOOB CREDMETAL","PADRAO AUDITORIA S/S"
24610065,"COOPERATIVA DE CRÉDITO SICOOB IPÊ - SICOOB IPÊ","BAUER AUDITORES ASSOCIADOS"
5241619,"COOPERATIVA DE CRÉDITO SICOOB PRIMAVERA - SICOOB PRIMAVERA","BAUER AUDITORES ASSOCIADOS"
26359745,"COOPERATIVA DE CRÉDITO SICOOBMAIS  LTDA. - SICOOBMAIS","COOPERAUDI AUDITORES INDEPENDENTES"
9343038,"COOPERATIVA DE CRÉDITO SICREDI ALTO SERTÃO PARAIBANO - SICREDI ALTO SERTÃO PARAIBANO","ERNST & YOUNG AUDITORES INDEPENDENTES S/S LTDA"
41255225,"COOPERATIVA DE CRÉDITO SICREDI CENTRO PERNAMBUCANA","ERNST & YOUNG AUDITORES INDEPENDENTES S/S LTDA"
71163315,"COOPERATIVA DE CRÉDITO UNICRED AMPLA LTDA - UNICRED AMPLA","RENATA ZANOTTA CALCADA"
184068,"COOPERATIVA DE CRÉDITO UNICRED CENTRAL MULTIRREGIONAL LTDA. - UCM","ERNST & YOUNG AUDITORES INDEPENDENTES S/S LTDA"
75847,"COOPERATIVA DE CRÉDITO UNICRED CENTRO-SUL LTDA - UNICRED CENTRO-SUL","ERNST & YOUNG AUDITORES INDEPENDENTES S/S LTDA"
4355489,"COOPERATIVA DE CRÉDITO UNICRED COOMARCA LTDA. - COOMARCA","ERNST & YOUNG AUDITORES INDEPENDENTES S/S LTDA"
1039011,"COOPERATIVA DE CRÉDITO UNICRED DESBRAVADORA LTDA - UNICRED DESBRAVADORA","ERNST & YOUNG AUDITORES INDEPENDENTES S/S LTDA"
1727929,"COOPERATIVA DE CRÉDITO UNICRED EVOLUÇÃO LTDA. - UNICRED EVOLUÇÃO","ERNST & YOUNG AUDITORES INDEPENDENTES S/S LTDA"
1796302,"COOPERATIVA DE CRÉDITO UNICRED REGIÃO DOS VALES LTDA. - UNICRED REGIÃO DOS VALES","ERNST & YOUNG AUDITORES INDEPENDENTES S/S LTDA"
74114042,"COOPERATIVA DE CRÉDITO UNICRED UNIÃO LTDA - UNICRED UNIÃO","ERNST & YOUNG AUDITORES INDEPENDENTES S/S LTDA"
73443863,"COOPERATIVA DE CRÉDITO UNICRED VALE LTDA - UNICRED VALE","ERNST & YOUNG AUDITORES INDEPENDENTES S/S LTDA"
74064502,"COOPERATIVA DE CRÉDITO UNICRED VALOR CAPITAL LTDA - UNICRED VALOR CAPITAL","ERNST & YOUNG AUDITORES INDEPENDENTES S/S LTDA"
1572667,"COOPERATIVA DE CRÉDITO UNIPRIME SUL LTDA","BAUER AUDITORES ASSOCIADOS"
8041950,"COOPERATIVA DE CRÉDITO, POUPANÇA E INVESTIMENTO DO SISTEMA DE JUSTIÇA NO ESTADO DO CEARÁ - SICREDI COOPERJURIS","ERNST & YOUNG AUDITORES INDEPENDENTES S/S LTDA"
2923389,"COOPERATIVA DE CRÉDITO, POUPANÇA E INVESTIMENTO SICREDI ARACAJU - SICREDI ARACAJU","ERNST & YOUNG AUDITORES INDEPENDENTES S/S LTDA"
35571249,"COOPERATIVA DE CRÉDITO, POUPANÇA E INVESTIMENTO SICREDI EVOLUÇÃO - SICREDI EVOLUÇÃO","ERNST & YOUNG AUDITORES INDEPENDENTES S/S LTDA"
97489280,"COOPERATIVA DE CRÉDITO, POUPANÇA E INVESTIMENTO SICREDI INTEGRAÇÃO BAHIA - SICREDI INTEGRAÇÃO BAHIA","ERNST & YOUNG AUDITORES INDEPENDENTES S/S LTDA"
5491616,"COOPERATIVA DE CRÉDITO, POUPANÇA E SERVIÇOS FINANCEIROS","ANEND AUDITORES INDEPENDENTES"
30138226,"COOPERATIVA DE ECONOMIA E CREDITO MUTUO DOS EMPREGADOS DA CIA DE ELETRICIDADE DO ESTADO DO RJ CREDICERJ LTDA","MANDARINO & ASSOCIADOS AUDITORES"
141155,"COOPERATIVA DE ECONOMIA E CREDITO MUTUO DOS EMPREGADOS DAS EMPRESAS DE TRANSPORTES COLETIVOS RODOVIÁRIOS DE PASSAGEIROS DO GRANDE RIO LTDA","MANDARINO & ASSOCIADOS AUDITORES"
30949267,"COOPERATIVA DE ECONOMIA E CREDITO MUTUO DOS EMPREGADOS DE CHOCOLATES GAROTO LTDA. - CREDI-GAROTO","D'AGOSTINI CONSULTORIA E AUDITORIA S/S"
42107706,"COOPERATIVA DE ECONOMIA E CREDITO MUTUO DOS EMPREGADOS DE ELEVADORES ATLAS SCHINDLER LTDA.","MANDARINO & ASSOCIADOS AUDITORES"
31746993,"COOPERATIVA DE ECONOMIA E CREDITO MUTUO DOS EMPREGADOS DE ESTABELECIMENTOS HOSPITALARES DO SUL DO ESTADO DO ESPIRITO SANTO - SULCRED","D'AGOSTINI CONSULTORIA E AUDITORIA S/S"
2447184,"COOPERATIVA DE ECONOMIA E CREDITO MUTUO DOS EMPREGADOS DO COLEGIO SANTO INACIO - COESI","MANDARINO & ASSOCIADOS AUDITORES"
73631483,"COOPERATIVA DE ECONOMIA E CREDITO MUTUO DOS EMPREGADOS DO GRUPO BAYER LTDA","MANDARINO & ASSOCIADOS AUDITORES"
30586895,"COOPERATIVA DE ECONOMIA E CREDITO MUTUO DOS EMPREGADOS DOS LABORATORIOS B.BRAUN LTDA","MANDARINO & ASSOCIADOS AUDITORES"
5424088,"COOPERATIVA DE ECONOMIA E CREDITO MUTUO DOS EMPREGADOS NAS INDUSTRIAS QUIMICAS, FARMACEUTICAS E SIMILARES DA REGIAO METROPOLITANA DO RIO DE JANEIRO LTDA","MANDARINO & ASSOCIADOS AUDITORES"
3165497,"COOPERATIVA DE ECONOMIA E CREDITO MUTUO DOS FUNCIONARIOS DA SANEPAR - CREDISANEPAR","ADIRLEY GASPARIN"
2192115,"COOPERATIVA DE ECONOMIA E CREDITO MUTUO DOS FUNCIONARIOS DA VIACAO NOSSA SENHORA DO AMPARO LTDA. - COPERFAMP","MANDARINO & ASSOCIADOS AUDITORES"
94433109,"COOPERATIVA DE ECONOMIA E CREDITO MUTUO DOS MEDICOS DE PORTO ALEGRE LTDA-UNICRED PORTO ALEGRE","ERNST & YOUNG AUDITORES INDEPENDENTES S/S LTDA"
2853045,"COOPERATIVA DE ECONOMIA E CREDITO MUTUO DOS MEDICOS E DEMAIS PROFISSIONAIS DA SAUDE DE JOACABA","AUDICONSULT AUDITORES SS"
90278987,"COOPERATIVA DE ECONOMIA E CREDITO MUTUO DOS SERVIDORES DA ASCAR/EMATER-RS LTDA-CRESAL","MBAUDIT - AUDITORES INDEPENDENTES S/S"
29341260,"COOPERATIVA DE ECONOMIA E CREDITO MUTUO DOS SERVIDORES DA COMLURB LTDA","MANDARINO & ASSOCIADOS AUDITORES"
42100982,"COOPERATIVA DE ECONOMIA E CREDITO MUTUO DOS SERVIDORES DA EMPRESA BRASILEIRA DE CORREIOS E TELEGRAFOS LTDA","MANDARINO & ASSOCIADOS AUDITORES"
28885036,"COOPERATIVA DE ECONOMIA E CREDITO MUTUO DOS SERVIDORES DA UERJ LTDA. - COOPUERJ","MANDARINO & ASSOCIADOS AUDITORES"
2910387,"COOPERATIVA DE ECONOMIA E CREDITO MUTUO DOS SERVIDORES DO COLEGIO PEDRO II","MANDARINO & ASSOCIADOS AUDITORES"
1819799,"COOPERATIVA DE ECONOMIA E CREDITO MUTUO DOS SERVIDORES MUNICIPAIS DO SUL FLUMINENSE LTDA.","MANDARINO & ASSOCIADOS AUDITORES"
4831810,"COOPERATIVA DE ECONOMIA E CREDITO MUTUO DOS SERVIDORES PUBLICOS DE PINHÃO - CRESERV-PINHÃO","LINEAR AUDITORES INDEPENDENTES SOCIEDADE SIMPLES"
3990888,"COOPERATIVA DE ECONOMIA E CREDITO MUTUO DOS SERVIDORES PUBLICOS MUNICIPAIS DE PORTO ALEGRE","HILDO JARDIM ALEGRIA"
20177390,"COOPERATIVA DE ECONOMIA E CREDITO MUTUO DOS TRABALHADORES DO GRUPO EMPRESARIAL ITATIAIA LTDA. - COOPERITA","D'AGOSTINI CONSULTORIA E AUDITORIA S/S"
33735192,"COOPERATIVA DE ECONOMIA E CREDITO MUTUO JOHN F. KENNEDY LTDA","MANDARINO & ASSOCIADOS AUDITORES"
5419025,"COOPERATIVA DE ECONOMIA E CREDITO MÚTUO DOS PROFESSORES ESTADUAIS DA REGIÃO METROPOLITANA DE PORTO ALEGRE - EDUCREDI","ROKEMBACH + LAHM, VILLANOVA & CIA AUDITORES"
74244344,"COOPERATIVA DE ECONOMIA E CRÉDITO MÚTUO DO GRUPO BASF","PRICEWATERHOUSECOOPERS AUDITORES INDEPENDENTES LTDA"
94243839,"COOPERATIVA DE ECONOMIA E CRÉDITO MÚTUO DO VALE DAS ANTAS LTDA. - UNICRED PIONEIRA","ERNST & YOUNG AUDITORES INDEPENDENTES S/S LTDA"
16564240,"COOPERATIVA DE ECONOMIA E CRÉDITO MÚTUO DOS APOSENTADOS, PENSIONISTAS E IDOSOS - SICOOB COOPERNAPI","PADRAO AUDITORIA S/S"
71502181,"COOPERATIVA DE ECONOMIA E CRÉDITO MÚTUO DOS BANCÁRIOS DE BELO HORIZONTE E REGIÃO METROPOLITANA LTDA. - COOPEB","BAUER AUDITORES ASSOCIADOS"
71491609,"COOPERATIVA DE ECONOMIA E CRÉDITO MÚTUO DOS BANCÁRIOS DE SOROCABA E REGIÃO","CONTROL AUDITORIA E CONTABILIDADE"
1301541,"COOPERATIVA DE ECONOMIA E CRÉDITO MÚTUO DOS BANCÁRIOS DO TRIÂNGULO LTDA.","D'AGOSTINI CONSULTORIA E AUDITORIA S/S"
53184438,"COOPERATIVA DE ECONOMIA E CRÉDITO MÚTUO DOS COLABORADORES DA CEBRACE","CONTROL AUDITORIA E CONTABILIDADE"
2588819,"COOPERATIVA DE ECONOMIA E CRÉDITO MÚTUO DOS COLABORADORES DA UNIÃO BRASILEIRA DE EDUCAÇÃO E ENSINO, UNIÃO NORTE BRASILEIRA DE EDUCAÇÃO E CULTURA & UNIÃO BRASILEIRA DE EDUCAÇÃO CATÓLICA LTDA - COOMAR","JOAO CARLOS SUBACZ"
20062766,"COOPERATIVA DE ECONOMIA E CRÉDITO MÚTUO DOS COLABORADORES DO GRUPO EMPRESARIAL A COSTA LTDA.","BAUER AUDITORES ASSOCIADOS"
92825397,"COOPERATIVA DE ECONOMIA E CRÉDITO MÚTUO DOS ELETRICITÁRIOS E DOS TRABALHADORES DAS EMPRESAS DO SETOR DE ENERGIA - COOPCRECE","JOAO CARLOS SUBACZ"
8850613,"COOPERATIVA DE ECONOMIA E CRÉDITO MÚTUO DOS EMPREGADOS DA CENTRAIS ELÉTRICAS DE SANTA CATARINA - CREDELESC","PRICEWATERHOUSECOOPERS AUDITORES INDEPENDENTES LTDA"
30304919,"COOPERATIVA DE ECONOMIA E CRÉDITO MÚTUO DOS EMPREGADOS DA CNC, SESC E SENAC ADMINISTRAÇÕES NACIONAIS LTDA.","D'AGOSTINI CONSULTORIA E AUDITORIA S/S"
54335401,"COOPERATIVA DE ECONOMIA E CRÉDITO MÚTUO DOS EMPREGADOS DA COMPANHIA BRASILEIRA DE ALUMÍNIO","CHOSUKE KOEKE"
3400651,"COOPERATIVA DE ECONOMIA E CRÉDITO MÚTUO DOS EMPREGADOS DA EMPRESA SUPERMERCADOS JAU SERVE - COOPERJS","MOORE PRISMA AUDITORES INDEPENDENTES"
2738981,"COOPERATIVA DE ECONOMIA E CRÉDITO MÚTUO DOS EMPREGADOS DA FUNDAÇÃO ARTHUR BERNARDES LTDA. - COOFAB","BAUER AUDITORES ASSOCIADOS"
45691128,"COOPERATIVA DE ECONOMIA E CRÉDITO MÚTUO DOS EMPREGADOS DA JOHNSON & JOHNSON","PADRAO AUDITORIA S/S"
28244622,"COOPERATIVA DE ECONOMIA E CRÉDITO MÚTUO DOS EMPREGADOS DA JOLIMODE ROUPAS E EMPRESAS COLIGADAS LTDA","MANDARINO & ASSOCIADOS AUDITORES"
62795257,"COOPERATIVA DE ECONOMIA E CRÉDITO MÚTUO DOS EMPREGADOS DA MONDELEZ BRASIL, PHILIP MORRIS BRASIL E K&S ALIMENTOS - SICOOB COOPMOND","RUSSELL BEDFORD GM AUDITORES INDEPENDENTES S/S"
17607375,"COOPERATIVA DE ECONOMIA E CRÉDITO MÚTUO DOS EMPREGADOS DA MOSAIC FERTILIZANTES DE UBERABA - COPERURA LTDA.","VAZ & MAIA AUDITORES INDEPENDENTES"
968834,"COOPERATIVA DE ECONOMIA E CRÉDITO MÚTUO DOS EMPREGADOS DA MOSAIC FERTILIZANTES DO BRASIL - COCRESGO LTDA.","MAURILIO ROSA"
42445122,"COOPERATIVA DE ECONOMIA E CRÉDITO MÚTUO DOS EMPREGADOS DA PONTIFÍCIA UNIVERSIDADE CATÓLICA DO RIO DE JANEIRO E EMPREGADOS EM ESTABELECIMENTOS PRIVADOS DE ENSINO DO MUNICÍPIO DO RIO DE JANEIRO LTDA.","MANDARINO & ASSOCIADOS AUDITORES"
44223196,"COOPERATIVA DE ECONOMIA E CRÉDITO MÚTUO DOS EMPREGADOS DA RECKITT BENCKISER","PADRAO AUDITORIA S/S"
48140925,"COOPERATIVA DE ECONOMIA E CRÉDITO MÚTUO DOS EMPREGADOS DA SAINT-GOBAIN DO BRASIL PRODUTOS INDUSTRIAIS E PARA CONSTRUÇÃO - DIVISÃO VIDRO PLANO","FABRICIO KOEKE"
3685335,"COOPERATIVA DE ECONOMIA E CRÉDITO MÚTUO DOS EMPREGADOS DA UNIFI - CREDIUNIFI","PADRAO AUDITORIA S/S"
24235459,"COOPERATIVA DE ECONOMIA E CRÉDITO MÚTUO DOS EMPREGADOS DAS EMPRESAS SIDERÚRGICAS, METALÚRGICAS E ELETRO-MECÂNICAS DE JOÃO MONLEVADE LTDA. - CREDIBELGO","JULIO CESAR DIAS"
129753,"COOPERATIVA DE ECONOMIA E CRÉDITO MÚTUO DOS EMPREGADOS DAS EMPRESAS SOMART LTDA.","BAUER AUDITORES ASSOCIADOS"
2230138,"COOPERATIVA DE ECONOMIA E CRÉDITO MÚTUO DOS EMPREGADOS DE KYN COMÉRCIO VAREJISTA E ATACADISTA - COOPER KYN","PADRAO AUDITORIA S/S"
92935741,"COOPERATIVA DE ECONOMIA E CRÉDITO MÚTUO DOS EMPREGADOS DO BANRISUL","MBAUDIT - AUDITORES INDEPENDENTES S/S"
46277273,"COOPERATIVA DE ECONOMIA E CRÉDITO MÚTUO DOS EMPREGADOS DO GRUPO CASINO, GRUPO PÃO DE AÇÚCAR E GRUPO ASSAÍ","MOORE PRISMA AUDITORES INDEPENDENTES"
43488782,"COOPERATIVA DE ECONOMIA E CRÉDITO MÚTUO DOS EMPREGADOS DO GRUPO FEMSA BRASIL","PADRAO AUDITORIA S/S"
2232228,"COOPERATIVA DE ECONOMIA E CRÉDITO MÚTUO DOS EMPREGADOS DO GRUPO SBF LTDA. - COOPER ATIVA SBF","BAUER AUDITORES ASSOCIADOS"
62284385,"COOPERATIVA DE ECONOMIA E CRÉDITO MÚTUO DOS EMPREGADOS DO GRUPO SCHAEFFLER","PADRAO AUDITORIA S/S"
92675578,"COOPERATIVA DE ECONOMIA E CRÉDITO MÚTUO DOS EMPREGADOS DO SISTEMA FIERGS - CRESUL","MBAUDIT - AUDITORES INDEPENDENTES S/S"
5841967,"COOPERATIVA DE ECONOMIA E CRÉDITO MÚTUO DOS FABRICANTES DE CALÇADOS DE SAPIRANGA LTDA.","D'AGOSTINI CONSULTORIA E AUDITORIA S/S"
45068632,"COOPERATIVA DE ECONOMIA E CRÉDITO MÚTUO DOS FUNCIONÁRIOS DA ACUMENT BRASIL","PADRAO AUDITORIA S/S"
41146382,"COOPERATIVA DE ECONOMIA E CRÉDITO MÚTUO DOS FUNCIONÁRIOS DA ASSEMBLÉIA LEGISLATIVA DO ESTADO DA PARAÍBA LTDA. -  COOPERLEGIS","IVANILDO ALVES MESSIAS"
1288797,"COOPERATIVA DE ECONOMIA E CRÉDITO MÚTUO DOS FUNCIONÁRIOS DA ASTRAZENECA DO BRASIL","PADRAO AUDITORIA S/S"
57038408,"COOPERATIVA DE ECONOMIA E CRÉDITO MÚTUO DOS FUNCIONÁRIOS DA BOMBRIL","FABRICIO KOEKE"
68228006,"COOPERATIVA DE ECONOMIA E CRÉDITO MÚTUO DOS FUNCIONÁRIOS DA CARGILL","PADRAO AUDITORIA S/S"
43438662,"COOPERATIVA DE ECONOMIA E CRÉDITO MÚTUO DOS FUNCIONÁRIOS DA EDUCAÇÃO E COMUNICAÇÃO","PADRAO AUDITORIA S/S"
48718183,"COOPERATIVA DE ECONOMIA E CRÉDITO MÚTUO DOS FUNCIONÁRIOS DA ERICSSON - COOPERICSSON","PADRAO AUDITORIA S/S"
57259525,"COOPERATIVA DE ECONOMIA E CRÉDITO MÚTUO DOS FUNCIONÁRIOS DA FACULDADE DE CIÊNCIAS AGRÁRIAS E VETERINÁRIAS - CAMPUS DE JABOTICABAL/SP - COOPERFAC","SACHO - AUDITORES INDEPENDENTES"
731320,"COOPERATIVA DE ECONOMIA E CRÉDITO MÚTUO DOS FUNCIONÁRIOS DA MORLAN - CRED MORLAN","MOORE PRISMA AUDITORES INDEPENDENTES"
9128022,"COOPERATIVA DE ECONOMIA E CRÉDITO MÚTUO DOS FUNCIONÁRIOS DA NAKATA","PADRAO AUDITORIA S/S"
62562012,"COOPERATIVA DE ECONOMIA E CRÉDITO MÚTUO DOS FUNCIONÁRIOS DA NESTLÉ - CREDI NESTLÉ","PADRAO AUDITORIA S/S"
48172860,"COOPERATIVA DE ECONOMIA E CRÉDITO MÚTUO DOS FUNCIONÁRIOS DA OWENS CORNING FIBERGLAS AMÉRICA DO SUL","PADRAO AUDITORIA S/S"
67341487,"COOPERATIVA DE ECONOMIA E CRÉDITO MÚTUO DOS FUNCIONÁRIOS DA TETRA PAK","PADRAO AUDITORIA S/S"
57440521,"COOPERATIVA DE ECONOMIA E CRÉDITO MÚTUO DOS FUNCIONÁRIOS DA TICKET SERVIÇOS COMÉRCIO E ADMINISTRAÇÃO","CONTROL AUDITORIA E CONTABILIDADE"
2541707,"COOPERATIVA DE ECONOMIA E CRÉDITO MÚTUO DOS FUNCIONÁRIOS DAS EMPRESAS DE CERÂMICA - COOPASPACER","SACHO - AUDITORES INDEPENDENTES"
91018408,"COOPERATIVA DE ECONOMIA E CRÉDITO MÚTUO DOS FUNCIONÁRIOS DAS EMPRESAS DO GRUPO DANA - COOPDANA","LINEAR AUDITORES INDEPENDENTES SOCIEDADE SIMPLES"
1504952,"COOPERATIVA DE ECONOMIA E CRÉDITO MÚTUO DOS FUNCIONÁRIOS DAS EMPRESAS MELHORAMENTOS DE SÃO PAULO - COOPERMEL","PADRAO AUDITORIA S/S"
52046299,"COOPERATIVA DE ECONOMIA E CRÉDITO MÚTUO DOS FUNCIONÁRIOS DO ATACADÃO","PADRAO AUDITORIA S/S"
88952130,"COOPERATIVA DE ECONOMIA E CRÉDITO MÚTUO DOS FUNCIONÁRIOS DO GRUPO GERDAU - AÇOS FINOS PIRATINI","RAMIRES E CIA - AUDITORES INDEPENDENTES SOCIEDADE SIMPLES"
5548335,"COOPERATIVA DE ECONOMIA E CRÉDITO MÚTUO DOS FUNCIONÁRIOS DO GRUPO JAL LTDA.","MANDARINO & ASSOCIADOS AUDITORES"
5048575,"COOPERATIVA DE ECONOMIA E CRÉDITO MÚTUO DOS FUNCIONÁRIOS DO GRUPO MAUÁ E EMPRESAS COLIGADAS LTDA. - COOPMAUÁ","MANDARINO & ASSOCIADOS AUDITORES"
43182278,"COOPERATIVA DE ECONOMIA E CRÉDITO MÚTUO DOS FUNCIONÁRIOS DO GRUPO OWENS-ILLINOIS DO BRASIL","PADRAO AUDITORIA S/S"
75174953,"COOPERATIVA DE ECONOMIA E CRÉDITO MÚTUO DOS FUNCIONÁRIOS DO GRUPO VOTORANTIM LIMITADA.","GRUNITZKY - AUDITORES INDEPENDENTES S/S"
7651495,"COOPERATIVA DE ECONOMIA E CRÉDITO MÚTUO DOS FUNCIONÁRIOS DO PODER JUDICIÁRIO E SERVIDORES PÚBLICOS DO ESTADO DE SÃO PAULO - SPCRED","CONTROL AUDITORIA E CONTABILIDADE"
2115870,"COOPERATIVA DE ECONOMIA E CRÉDITO MÚTUO DOS FUNCIONÁRIOS PÚBLICOS MUNICIPAIS DE ITAPIRA - CREDITA","PADRAO AUDITORIA S/S"
51489318,"COOPERATIVA DE ECONOMIA E CRÉDITO MÚTUO DOS MAGISTRADOS DE SÃO PAULO - MAGISCRED","BAUER AUDITORES ASSOCIADOS"
4478231,"COOPERATIVA DE ECONOMIA E CRÉDITO MÚTUO DOS MEMBROS DO MINISTÉRIO PÚBLICO DE SÃO PAULO - PROMOCRED","BAUER AUDITORES ASSOCIADOS"
1635462,"COOPERATIVA DE ECONOMIA E CRÉDITO MÚTUO DOS MÉDICOS DOS VALES DO TAQUARI E RIO PARDO E REGIÃO DA PRODUÇÃO LTDA. - UNICRED PREMIUM","ERNST & YOUNG AUDITORES INDEPENDENTES S/S LTDA"
1090027,"COOPERATIVA DE ECONOMIA E CRÉDITO MÚTUO DOS MÉDICOS E CATEGORIAS AFINS - UNICRED MÚLTIPLO VALOR LTDA.","ERNST & YOUNG AUDITORES INDEPENDENTES S/S LTDA"
6975532,"COOPERATIVA DE ECONOMIA E CRÉDITO MÚTUO DOS PEQUENOS EMPRESÁRIOS, MICROEMPRESÁRIOS E MICROEMPREENDEDORES DA REGIÃO METROPOLITANA DE PORTO ALEGRE - CREDISIS/COOPESA","RAMIRES E CIA - AUDITORES INDEPENDENTES SOCIEDADE SIMPLES"
7714057,"COOPERATIVA DE ECONOMIA E CRÉDITO MÚTUO DOS PROFISSIONAIS DA ÁREA NOTARIAL E REGISTRAL - COOPNORE","ERNST & YOUNG AUDITORES INDEPENDENTES S/S LTDA"
69346856,"COOPERATIVA DE ECONOMIA E CRÉDITO MÚTUO DOS PROFISSIONAIS DA SAÚDE DA REGIÃO DA ALTA MOGIANA - SICOOB CREDIMOGIANA","MOORE PRISMA AUDITORES INDEPENDENTES"
62928320,"COOPERATIVA DE ECONOMIA E CRÉDITO MÚTUO DOS SERVIDORES DA FEDERAÇÃO DO COMÉRCIO, SESC E SENAC DE SÃO PAULO","PADRAO AUDITORIA S/S"
52137361,"COOPERATIVA DE ECONOMIA E CRÉDITO MÚTUO DOS SERVIDORES DA PREFEITURA MUNICIPAL DE VOTORANTIM","CONTROL AUDITORIA E CONTABILIDADE"
69136075,"COOPERATIVA DE ECONOMIA E CRÉDITO MÚTUO DOS SERVIDORES DA UNESP - COOPUNESP","SACHO - AUDITORES INDEPENDENTES"
2285107,"COOPERATIVA DE ECONOMIA E CRÉDITO MÚTUO DOS SERVIDORES DA UNIVERSIDADE ESTADUAL DE CAMPINAS - COOPERUNICAMP","CONTROL AUDITORIA E CONTABILIDADE"
778858,"COOPERATIVA DE ECONOMIA E CRÉDITO MÚTUO DOS SERVIDORES DO DISTRITO FEDERAL LTDA. - COOSERVCRED","HILDO JARDIM ALEGRIA"
512839,"COOPERATIVA DE ECONOMIA E CRÉDITO MÚTUO DOS SERVIDORES DO MUNICIPIO DE SANTO ANDRÉ - SP - SICOOB CECRESA","CONTROL AUDITORIA E CONTABILIDADE"
991739,"COOPERATIVA DE ECONOMIA E CRÉDITO MÚTUO DOS SERVIDORES PÚBLICOS DA REGIÃO METROPOLITANA DE BELÉM - CREDISIS CREDBEM METROPOLITANA","MOORE PRISMA AUDITORES INDEPENDENTES"
3139644,"COOPERATIVA DE ECONOMIA E CRÉDITO MÚTUO DOS SERVIDORES PÚBLICOS DO ESTADO DE SÃO PAULO - CREDIPAULISTA","PADRAO AUDITORIA S/S"
3639902,"COOPERATIVA DE ECONOMIA E CRÉDITO MÚTUO DOS SERVIDORES PÚBLICOS DO PODER EXECUTIVO FEDERAL NO ESTADO DO ESPÍRITO SANTO - CREDES","PADRAO AUDITORIA S/S"
67915868,"COOPERATIVA DE ECONOMIA E CRÉDITO MÚTUO DOS TRABALHADORES DA CIA. DE PROCESSAMENTO DE DADOS DO ESTADO DE SÃO PAULO - CREDIPRODESP","RUSSELL BEDFORD GM AUDITORES INDEPENDENTES S/S"
2562412,"COOPERATIVA DE ECONOMIA E CRÉDITO MÚTUO DOS TRABALHADORES DO GRUPO SÃO MARTINHO   USICRED","RUSSELL BEDFORD GM AUDITORES INDEPENDENTES S/S"
71384697,"COOPERATIVA DE ECONOMIA E CRÉDITO MÚTUO DOS TRABALHADORES NAS INDÚSTRIAS DE EXTRAÇÃO DE FERRO E METAIS BÁSICOS DA REGIÃO DE CONGONHAS LTDA. - COOFERSE","ANTONIO LUCIO PEREIRA SANTOS"
5591437,"COOPERATIVA DE ECONOMIA E CRÉDITO MÚTUO SERVIDORES PÚBLICOS ATIVOS, INATIVOS E PENSIONISTAS DA ADMINISTRAÇÃO DIRETA, INDIRETA E ASSEMBLÉIA LEGISLATIVA DO ESTADO DO RIO GRANDE SUL - COOPSERGS","HILDO JARDIM ALEGRIA"
4833655,"COOPERATIVA DE ECONOMIA E CRÉDITO MÚTUO SICOOB METALCRED","RUSSELL BEDFORD GM AUDITORES INDEPENDENTES S/S"
95163002,"COOPERATIVA DE ECONOMIA E CRÉDITO MÚTUO UNICRED ELEVA LTDA.","ERNST & YOUNG AUDITORES INDEPENDENTES S/S LTDA"
1526924,"COOPERATIVA DE ECONOMIA E CRÉDITO MÚTUO UNICRED HORIZONTES LTDA - UNICRED HORIZONTES","ERNST & YOUNG AUDITORES INDEPENDENTES S/S LTDA"
73750424,"COOPERATIVA DE ECONOMIA E CRÉDITO MÚTUO UNICRED INTEGRAÇÃO LTDA.","ERNST & YOUNG AUDITORES INDEPENDENTES S/S LTDA"
2641032,"COOPERATIVA DE ECONOMIA E CRÉDITO MÚTUO UNICRED PONTO CAPITAL - UNICRED PONTO CAPITAL.","ERNST & YOUNG AUDITORES INDEPENDENTES S/S LTDA"
1705236,"COOPERATIVA DE ECONOMIA E CRÉDITO MÚTUO UNICRED PROSPERAR LTDA. - UNICRED PROSPERAR","ERNST & YOUNG AUDITORES INDEPENDENTES S/S LTDA"
97259253,"COOPERATIVA E ECONOMIA E CRÉDITO MÚTUO DOS MÉDICOS DO PLANALTO MÉDIO DO RIO GRANDE DO SUL LTDA. - CREDISIS/CREDIPLAN","MBAUDIT - AUDITORES INDEPENDENTES S/S"
27171974,"COOPERÁGUIA - COOPERATIVA DE ECONOMIA E CRÉDITO MÚTUO DOS EMPREGADOS DO GRUPO ÁGUIA BRANCA","D'AGOSTINI CONSULTORIA E AUDITORIA S/S"
4995006,"COOPESTADO - COOPERATIVA DE ECONOMIA E CRÉDITO MÚTUO DOS SERVIDORES PÚBLICOS NA REGIÃO METROPOLITANA DO ESTADO DO RIO DE JANEIRO LIMITADA","MANDARINO & ASSOCIADOS AUDITORES"
41219353,"COOPSEBRAE - COOPERATIVA DE CRÉDITO MÚTUO DOS FUNCIONÁRIOS DO SEBRAE/PB, SEBRAE/RN E SESC, SENAC E SENAR EM JOÃO PESSOA","IDERALDO LUIZ AGOSTINHO DE MORAES"
2723075,"COOPSERJ - COOPERATIVA DE CRÉDITO MÚTUO DOS SERVIDORES PÚBLICOS DO PODER EXECUTIVO DO ESTADO DO RIO DE JANEIRO LTDA.","MANDARINO & ASSOCIADOS AUDITORES"
23241540,"CREBEL - COOPERATIVA DE ECONOMIA E CRÉDITO MÚTUO DOS COLABORADORES DAS EMPRESAS BELGO BEKAERT - CREBEL LTDA.","BAUER AUDITORES ASSOCIADOS"
78157146,"CREDIALIANÇA COOPERATIVA DE CRÉDITO RURAL","MOORE PRISMA AUDITORES INDEPENDENTES"
82096447,"CREDIBRF - COOPERATIVA DE CRÉDITO","SACHO - AUDITORES INDEPENDENTES"
81723108,"CREDICOAMO CREDITO RURAL COOPERATIVA","ERNST & YOUNG AUDITORES INDEPENDENTES S/S LTDA"
62109566,"CREDISAN COOPERATIVA DE CRÉDITO","D'AGOSTINI CONSULTORIA E AUDITORIA S/S"
4632856,"CREDISIS - CENTRAL DE COOPERATIVAS DE CRÉDITO LTDA.","MOORE PRISMA AUDITORES INDEPENDENTES"
5439425,"CREDISIS CAPITALCREDI - COOPERATIVA DE CRÉDITO DE LIVRE ADMISSÃO DO ACRE LTDA","MOORE PRISMA AUDITORES INDEPENDENTES"
83325811,"CREDISIS COOPERUFPA - COOPERATIVA DE ECONOMIA E CRÉDITO MÚTUO DOS SERVIDORES PÚBLICOS FEDERAIS E ESTADUAIS E DAS ENTIDADES DE ENSINO COM SEUS RESPECTIVOS FUNCIONÁRIOS NO ESTADO DO PARÁ","MOORE PRISMA AUDITORES INDEPENDENTES"
3222753,"CREDISIS CREDIARI - COOPERATIVA DE CRÉDITO LTDA.","MOORE PRISMA AUDITORES INDEPENDENTES"
5597773,"CREDISIS CREDIBRÁS COOPERATIVA DE CRÉDITO E INVESTIMENTO DE LIVRE ADMISSÃO DO OESTE DE RONDÔNIA","MOORE PRISMA AUDITORES INDEPENDENTES"
2309070,"CREDISIS JICRED - COOPERATIVA DE CRÉDITO DE LIVRE ADMISSÃO JICRED","MOORE PRISMA AUDITORES INDEPENDENTES"
4985665,"CREDISIS OESTE - COOPERATIVA DE CRÉDITO E INVESTIMENTO DO OESTE","MOORE PRISMA AUDITORES INDEPENDENTES"
3985375,"CREDISIS SUDOESTE/RO - COOPERATIVA DE CRÉDITO E INVESTIMENTO DO SUDOESTE DE RONDÔNIA","MOORE PRISMA AUDITORES INDEPENDENTES"
7494300,"CREDISIS/CREDISUL COOPERATIVA DE CRÉDITO","MBAUDIT - AUDITORES INDEPENDENTES S/S"
4608925,"CREDJUST - COOPERATIVA DE CRÉDITO MÚTUO DOS INTEGRANTES DA JUSTIÇA DO TRABALHO DA 13- REGIÃO LTDA.","JOAO CARLOS SUBACZ"
2347114,"GREENCRED - COOPERATIVA DE CREDITO","RUSSELL BEDFORD GM AUDITORES INDEPENDENTES S/S"
3575699,"MEDCRED COOPERATIVA DE CRÉDITO","CONTROL AUDITORIA E CONTABILIDADE"
26563270,"PRIMACREDI COOPERATIVA DE CRÉDITO DE PRIMAVERA DO LESTE","JULIO CESAR DIAS"
3973814,"SERVICOOP - COOPERATIVA DE CRÉDITO DOS SERVIDORES PÚBLICOS ESTADUAIS E MUNICIPAIS DO RIO GRANDE DO SUL","MBAUDIT - AUDITORES INDEPENDENTES S/S"
71328769,"SICOOB COCRED COOPERATIVA DE CRÉDITO","PRICEWATERHOUSECOOPERS AUDITORES INDEPENDENTES LTDA"
54190525,"SICOOB CRESSEM - COOPERATIVA DE ECONOMIA E CRÉDITO MÚTUO DOS SERVIDORES MUNICIPAIS DA REGIÃO METROPOLITANA DO VALE DO PARAÍBA E LITORAL NORTE","D'AGOSTINI CONSULTORIA E AUDITORIA S/S"
72257793,"SICREDI CEARÁ - COOPERATIVA DE CRÉDITO DO ESTADO DO CEARÁ","ERNST & YOUNG AUDITORES INDEPENDENTES S/S LTDA"
3428338,"SICREDI CREDUNI - COOPERATIVA DE ECONOMIA E CRÉDITO MÚTUO DOS SERV DAS INST PÚBLICAS DE ENSINO SUPERIOR DO ESTADO DA PARAÍBA E DAS DEMAIS INSTITUIÇÕES E ÓRGÃOS PÚBLICOS NO ESTADO DA PARAÍBA","ERNST & YOUNG AUDITORES INDEPENDENTES S/S LTDA"
83315408,"SICREDI NORTE - COOPERATIVA DE CRÉDITO","ERNST & YOUNG AUDITORES INDEPENDENTES S/S LTDA"
70241658,"SICREDI RECIFE - COOPERATIVA DE CRÉDITO, POUPANÇA E INVESTIMENTO SICREDI RECIFE","ERNST & YOUNG AUDITORES INDEPENDENTES S/S LTDA"
2398976,"SISPRIME DO BRASIL - COOPERATIVA DE CRÉDITO","BAUER AUDITORES ASSOCIADOS"
39231527,"UNICRED COSTA DO SOL RJ - COOPERATIVA DE ECONOMIA E CRÉDITO MÚTUO LTDA.","ERNST & YOUNG AUDITORES INDEPENDENTES S/S LTDA"
4445917,"UNICRED REGIONAL NORTE LAGOS - COOPERATIVA DE ECONOMIA E CRÉDITO MÚTUO REGIONAL NORTE LAGOS LTDA","ERNST & YOUNG AUDITORES INDEPENDENTES S/S LTDA"
3046391,"UNIPRIME CENTRAL NACIONAL - CENTRAL NACIONAL DE COOPERATIVA DE CREDITO","BAUER AUDITORES ASSOCIADOS"
1848322,"UNIPRIME DO IGUAÇU - COOPERATIVA DE CRÉDITO, POUPANÇA E INVESTIMENTO","BAUER AUDITORES ASSOCIADOS"
7853842,"UNIPRIME OURO - COOPERATIVA DE CRÉDITO DE OURO","BAUER AUDITORES ASSOCIADOS"
1286361,"UNIPRIME PIONEIRA COOPERATIVA DE CRÉDITO","BAUER AUDITORES ASSOCIADOS"
